Gene1,Gene2,Ka,Ks,Ka_Ks,Interpretation
XP_002297623.3,XP_002297983.2,N/A,N/A,N/A,无输出
XP_002297623.3,XP_002298853.1,N/A,N/A,N/A,解析失败
XP_002297623.3,XP_002300120.2,N/A,N/A,N/A,无输出
XP_002297623.3,XP_002300596.2,N/A,N/A,N/A,解析失败
XP_002297623.3,XP_002301166.2,N/A,N/A,N/A,无输出
XP_002297623.3,XP_002301237.2,N/A,N/A,N/A,解析失败
XP_002297623.3,XP_002301377.2,N/A,N/A,N/A,解析失败
XP_002297623.3,XP_002301514.2,N/A,N/A,N/A,解析失败
XP_002297623.3,XP_002301524.3,N/A,N/A,N/A,解析失败
XP_002297623.3,XP_002302070.2,N/A,N/A,N/A,解析失败
XP_002297623.3,XP_002302140.2,N/A,N/A,N/A,解析失败
XP_002297623.3,XP_002302620.1,N/A,N/A,N/A,解析失败
XP_002297623.3,XP_002302808.1,N/A,N/A,N/A,无输出
XP_002297623.3,XP_002303610.1,N/A,N/A,N/A,无输出
XP_002297623.3,XP_002303852.3,N/A,N/A,N/A,解析失败
XP_002297623.3,XP_002304549.1,N/A,N/A,N/A,无输出
XP_002297623.3,XP_002304741.2,N/A,N/A,N/A,解析失败
XP_002297623.3,XP_002305271.3,N/A,N/A,N/A,无输出
XP_002297623.3,XP_002305730.1,N/A,N/A,N/A,无输出
XP_002297623.3,XP_002306743.1,N/A,N/A,N/A,无输出
