309.65820645657277,2.3485697595800863
1062.6581532629286,2.286251446135558
-958.3420906358037,-1.5740145231929734
-947.3418931090091,0.43645915005445524
204.65782850793403,-3.646960212479933
15.65774232390686,-3.6431197657303374
391.6578666105206,-1.6697023360983039
-1216.3418729441566,0.45791136519373943
936.6581022504122,0.3088665735300653
115.65778804383058,-3.646458545320949
-375.3417718080078,2.3966151302884846
-1148.3418916136295,0.44800055101602343
-694.3418542557861,2.4043801873706805
1192.6577500231235,-3.722696884278427
-590.3418052613681,2.4111002496753677
614.6579858413365,-1.6664375012263202
123.65802243359826,0.350519528242347
75.6579014047104,-1.6397442330305672
607.6579482094085,-1.6717966679243772
350.65779393713365,-3.6575082224139948
190.65787721384913,-1.6461265704798969
963.6581790322409,2.3024820066833662
334.657916746261,-1.6570563181928106
1055.6581016407292,0.2975620994588981
1235.6582455910864,2.2918311306141375
-114.34206130665075,-1.6191018040952962
386.65781437953933,-3.6496062014564794
-573.3418516951455,2.400909317136432
588.6581882592934,2.3212573178467126
-641.3421836291163,-3.586639879143613
-836.3421929096276,-3.5768863114772627
-785.3421316505828,-1.5842039994065078
24.657771782762666,-3.6412967020092624
588.6582171850903,2.3232386237289333
374.65844338394163,5.347690155646842
-867.3420766570873,-1.575769557020085
-821.3420796912851,-1.5796989522001663
-1067.3421736128957,-3.5626980175501233
-744.3418509451803,2.4081405922151404
738.6581615729947,2.313513849163833
633.658185882636,2.317203329113304
419.6580376789875,0.3308803290811362
-1096.3418212316333,2.4350266495346933
-1209.3422122705688,-3.550060739748571
-816.3418612528731,2.416569708279882
-329.3418049210851,2.3924396262804484
500.65807477497106,0.33549507845757187
-766.3422183084256,-3.578470124531617
-17.342204607517488,-3.635589218864535
142.65809722759946,0.35644356442221703
978.6581435683263,2.290632018761892
-285.3417756217166,2.3902616885016714
-918.3418380626858,2.4214462488262276
-106.34210372043935,-1.6330340040286146
-753.3419989364565,0.40781270870329767
211.65823766603467,2.359466791932233
379.6581897010915,2.3429636301590397
-376.34189910605744,0.39409482712022026
1171.6581498422631,2.281948013181765
-291.34199247130164,0.3770241861848289
-981.3420594947336,-1.5619445137844417
-1127.3421160921207,-1.5652809707134852
-527.3419752180921,0.3948917300421604
589.6582031193861,2.321469640168928
692.6581688830286,2.316084915005911
127.65816376541034,2.349918338550462
-204.34180302079335,2.380391749670598
-510.34195041895873,0.39860687617326906
165.65780424226864,-3.635895592602447
908.6582189415042,2.309211057749051
-247.34223893238357,-3.6232284444502914
-325.3418734062102,2.3835651956257173
-329.34177092594314,2.3949712919733814
-581.3418164438872,2.406913097483752
-1165.3419462192362,0.448579266113744
737.6580791203105,0.3187191167718817
-1216.3418726749633,0.4579297647496938
1126.6581568388567,2.284639889923855
-913.3421280593197,-1.5805625942597419
-907.3419722305075,0.4220814974328695
1278.6580453964432,0.2846530678771426
487.658065588769,0.3364467532481994
-17.342193151142283,-3.634730357784794
867.6579132962108,-1.6913061849121709
271.65786630718935,-1.6611310598721727
908.6582460347115,2.3111950944329758
22.65775974386611,-3.6398385421234907
-62.34216288625953,-3.6242915680628722
694.6579752492198,-1.674718250875669
-295.34183593849195,2.380375769043569
-473.34174661743884,2.405581195162287
669.6581987074451,2.316347242259157
-607.341861180431,2.4033525682005488
-515.3419722393201,0.3951570832506599
-291.3419865310989,0.37736507899672045
258.6579035247339,-1.6571038576054504
365.6581948806031,2.3425049335884323
642.6581490280826,2.3148852398542763
-684.3416526035595,5.404204697322714
605.6579658652147,-1.667200855626504
1017.6577778204548,-3.700256416891961
1123.6581362756008,2.2802091749853375
-715.341788907854,2.4219113138972705
375.6583427048208,5.335447746319503
-92.3421048745015,-1.6261955130865804
20.658056142496662,0.3623355105498849
156.6578217006238,-3.6399340267971017
469.6582019000516,2.3296344273886733
-1239.3417895254654,2.446947217852628
-745.3422400908049,-3.5901386886055637
-510.34196146363263,0.3978691323270773
-377.34175485904825,2.397623039927203
-1216.3419328892314,0.453869918084167
984.6578422327382,-3.6932120929574026
605.6579760448797,-1.6669361320319784
-830.3421059990452,-1.5810506088013447
-785.3420660017588,-1.5840212618983607
537.6581819804396,2.3234599735241606
-31.34177291191304,2.366055218389177
-772.3422244423514,-3.5801276304576493
-379.34180289889866,2.3898464536098167
-4.342220041153496,-3.638935942585389
-1218.3420431292327,-1.5529640393030606
-1177.3418045719636,2.450159798779225
485.65800577056143,0.324295536372996
-128.34182043218766,2.369191975449427
309.658238678765,2.3509732773438037
184.65789845240488,-1.6497744438982616
-47.34186537561368,2.359511585212336
923.6581959687162,2.298150061279583
-87.34184882110867,2.3727093723305046
1166.6582335607848,2.2951472874293843
-375.3417501800823,2.3982163884073593
-1217.3417602034142,2.453613966310866
-132.34225112964918,-3.626962323254398
137.65794016155064,-1.6463315120312103
-1111.3418143194788,2.442487295897309
588.6581777630138,2.3202479876948807
-172.34181493971732,2.3719103692717187
648.6581719321991,2.321385034463848
489.65788460467047,-1.6743687833194127
-916.3418559170335,2.419357357844879
91.65819790831142,2.3549140799825423
244.65772639757392,-3.6600456180554577
374.65843379078046,5.346857966155013
-107.34210575673501,-1.6320202739790326
365.6581757892411,2.3411008744312616
1220.658193563456,2.2808182919067264
720.6578165400128,-3.677567635865599
-967.3419981379299,0.4224554056048424
-602.3420317972577,-1.5883267693090044
546.6582433490528,2.3342300771354134
713.6579538708779,-1.6844453459630953
100.65805561343132,0.36128386105508614
-239.34207724793464,-1.6219906008913596
118.65776665919111,-3.648296541201578
647.6577700014193,-3.6800167304503866
1231.6582391630584,2.2881414068163313
292.6580357241385,0.3401217345430583
72.6582514305037,2.3694359516299617
-1205.3421908687676,-3.54591035954724
-405.341830892286,2.391080068852564
284.65775618212365,-3.6587354248999535
-847.3418539975595,2.4151033945553992
1068.6578043003572,-3.7023502648728597
799.658002546648,0.30261784112971135
263.65773421940276,-3.6551099400882765
-1165.3419452219407,0.44841863451291886
984.6577897578402,-3.6972530541571187
72.65817068233537,2.3687977333376518
790.6578340292006,-3.6827040568902056
-1239.3418633825554,2.4409840107666225
-987.341853078022,2.4244087624486763
-937.3418243967363,2.427041053716631
-1126.3422260040907,-3.563372714388194
-643.3418101061826,2.404198528178391
-533.3418598318798,2.3928760571340115
565.6578013770804,-3.6719125572831564
759.6579106862021,-1.6908012137374229
1235.6581971268831,2.286444558065198
249.65816596229024,2.3462614356283646
-697.341844255434,2.413412269824402
386.65781134162216,-3.6538943239418744
794.6580099362502,0.30340701950790994
332.65814322615233,2.334370894526664
-614.341979090797,0.4051739828738681
-1025.3422510050088,-3.570914799377058
-1050.3421827221034,-3.555518742534034
-506.3417842393419,2.404678167618907
576.6578838127687,-1.6809869045344326
-858.3420840872125,-1.57753461892535
-771.3421287090243,-1.590323972601761
224.6578762003055,-1.6508180194286757
-896.3420547874838,-1.571899800555264
-207.34216682894316,-3.6162699033015877
978.6581930447476,2.294891404823593
299.65800041592615,0.33634531036311177
118.65774676280739,-3.649852131024864
1138.6581842565217,2.2919230239386836
424.65781650372537,-3.6518748740299922
-783.3418004834609,2.4247227076139914
454.657963192471,-1.6578588458253845
-318.34212413900946,-1.6175868637069843
-17.34219852943602,-3.635125918481709
-951.3420933924074,-1.57123004316648
-895.3420566906693,-1.5663880049066168
-1242.342093728862,-1.5501501300467178
1259.6578833836118,-1.727428284413965
72.65818744990293,2.3647350681162846
-1088.3421898420252,-3.5596083766742037
-685.3418141696227,2.4075176959424196
-235.34193897259308,0.37780613600537727
1184.658148755166,2.281565321754724
1208.6583813065365,5.28555111253412
-488.34209951793673,-1.6016672801634178
547.6578290117388,-3.6671389130743197
-906.3418526505035,2.42601982968794
-745.3422691739463,-3.592423484674557
-14.341901523895103,0.3669313621134265
121.65822030889831,2.3555593803728776
142.65801366907408,0.3495309643724971
1193.658081668629,0.2845545261372431
511.6580595396865,0.3355687143100736
-1231.3420560144525,-1.5470176703840495
342.658221516273,2.3437633892277754
-526.3418320923977,2.3969888478620147
-18.341801002957254,2.3691240969558516
127.65819266452718,2.3519864256498764
-773.3422261607559,-3.5783026583091084
-184.3422073435438,-3.6228891600972144
-260.34188693999863,0.38978913662207404
-1170.341649751972,5.44013400876213
165.6577955677269,-3.6366685266126373
923.6582040891619,2.2995242526415325
1249.658108889035,0.28834744261495526
-655.3417959217494,2.4134992522245966
-431.3419399165508,0.4041120901827657
47.6577494405185,-3.6338027523564156
-310.3422044763827,-3.617078042621536
689.6579217978426,-1.6858272837647195
154.65813800138994,2.346136099475843
851.6581925172029,2.312392281768618
866.657937665713,-1.6911266524005564
-616.3419229338194,0.4076061385317491
45.658039834573174,0.36408284853748807
669.6581518219191,2.312188005393156
-666.342024911016,-1.5818943591390915
-533.341840405982,2.395215801652297
424.6578374567184,-3.655210515395838
-966.3418294761873,2.4248403027367136
-332.34174536314197,2.396822594162498
807.6580951748381,0.3238614210905775
-0.3418134889216162,2.370497202375991
-441.342036239093,-1.6030283853778418
-1216.3418757905645,0.45771925653318757
-701.341870785983,2.4081670404527245
-510.3419626330859,0.3978617667472353
333.65777145870766,-3.6590463953558734
-631.3417843698046,2.4096422648274904
-129.3418852121995,0.3825772212580736
-296.34180847456446,2.3807261399304878
-466.3417825837845,2.394876489346963
309.65824312353925,2.3513279463571353
800.658000798169,0.30234864874057177
177.65789777051577,-1.6529267050805334
-1050.3421608152228,-3.5546113986274728
-117.34212794100904,-1.6346058735621
494.65774813429925,-3.67515265916403
375.658372718362,5.336811486447137
-288.34183985160973,2.3785182760615955
-1050.3421996747597,-3.5524304024926074
1080.6580237089568,0.29010375514358167
-83.34218746232341,-3.6218435593615435
1094.6577274566919,-3.717683692845118
-749.3421896764511,-3.577369096043131
-162.3420472780988,-1.6250059854500267
5.658176130252514,2.3592281867885703
1243.6579164676143,-1.7219272661058413
-332.3418083724565,2.3920828684440716
-376.34197048512453,0.388959138408155
105.65814797685448,2.3585321803086208
-1216.3418726737925,0.45792285080403694
1129.6582252993928,2.293103151456064
-778.341795079017,2.4145093538425924
-92.34203100095806,-1.625685768116261
-1111.3417756662504,2.445325464145963
1025.6578772009277,-1.7120038755060607
-757.3418156039957,2.415446775911625
798.6582455730461,2.3180179051444005
-188.3418332241206,2.3715452920611373
1278.658015405563,0.2783025429159176
-1067.3422436819922,-3.5679013733210607
-887.3421091362683,-1.5803841181302278
-106.34209789843476,-1.6325592502618353
694.6579658891562,-1.6754301401995453
-1072.3420647233481,-1.5645015328318461
-889.3419206194354,0.425247282749349
1126.6581547712833,2.284544455703008
285.6578201544937,-3.6543282923552995
183.65821167642935,2.3503817112259036
-1093.342054288203,-1.5611986553398949
751.6580851345057,0.31848532008421326
1267.6581837631313,2.281417804926712
-410.3418168993562,2.39572246454576
956.6579693315382,-1.6913673882432145
737.6580212082206,0.31436001877147834
-1212.341859159628,2.4392171677980894
-410.3418170168525,2.3956613109441802
350.65782756052795,-3.6550124785604274
-659.341796177992,2.4164818034799085
-653.3419289818415,0.4069222216862043
978.658192860082,2.2948784378913016
1017.6578022186566,-3.6989133081551016
465.65791268737485,-1.6625717986683068
-668.3418989839187,0.4184491616165573
-385.34178592028354,2.3925890402434247
-1127.3421189590324,-1.5654103464715945
-138.34186837859238,2.365853336775845
-1148.3419254226187,0.44935910227636455
-641.3421561091874,-3.5839360332773404
-924.3420191797227,-1.5629782846632332
831.6577251301158,-3.6999380056823687
188.6582417994673,2.357663540296313
1249.658050832223,0.28409568074026836
-410.34176880717973,2.399246730335423
-981.3420510365578,-1.5663320248085735
467.6577495772285,-3.672718480698842
1281.6577194084637,-3.730945852481933
731.6582280302332,2.3226141893258028
531.6583830884726,5.32337883808153
1166.6582205203588,2.2917306174178798
165.65783938275172,-3.6382840974884028
987.6581886647984,2.295901080026132
-547.3419452311803,0.3978805469624822
1008.6579929288375,0.2874842381127021
-1243.3420345806167,-1.544208630651867
851.6581671014594,2.3145397679333
-332.3418085750634,2.392045347460103
-83.34221392947529,-3.6237668272563415
217.6577606236658,-3.654918047851174
465.65797682668176,-1.657696200646099
532.6577965298375,-3.6707466205358097
1055.6580336663762,0.29246437870358655
-515.3419596955036,0.39601680600319433
790.657762363563,-3.6886513991514582
-248.34225867276803,-3.623858947888003
-1209.3421986069823,-3.5490339950401837
908.6581795477152,2.3062355379870283
720.6578075461714,-3.678341546506643
22.65781427096408,-3.635753420873629
-717.3420911203999,-1.5849145643974518
-1110.3422286593363,-3.56388232423293
-907.3419663942084,0.4230444516381695
-129.3418792914506,0.3830125581038608
-61.34192971033485,0.3661445917742636
163.65802164072284,0.3477072027069861
1232.6582248886446,2.2851940031355573
-641.3422068994299,-3.5874910435434257
-1151.3422441918567,-3.562032796571783
-709.3418443607059,2.4085228861786128
642.6581597577274,2.316315180237546
-1077.3418486482,2.4308366811145135
-388.34173929162944,2.4017548499574346
-1239.341836836976,2.4433717462361955
-641.3421879245542,-3.5813340481574185
-614.3419181500194,0.41429684981665105
614.6579845136109,-1.6665364899743986
738.6581541502067,2.3083361205284785
333.6578069742445,-3.65641921005012
907.6582344532587,2.311773155754059
598.6581503762916,2.325766704583777
-299.3417921092341,2.3844720070002037
-778.3418638131193,2.409306845200182
747.6577359773794,-3.6911006456170523
-96.34180179970076,2.3749990639023144
-1050.342215621391,-3.558832501500903
328.6578390088198,-3.648889746298143
588.6582251432612,2.3238032540683973
-745.3422640343904,-3.5919177028933236
-260.3419133475803,0.38792657403303465
-299.34182735478646,2.3819041311549283
-203.34180387268657,2.3747219624347453
-6.342129197853637,-1.6422058783580775
211.65820116587452,2.355789067158293
-1110.3422155011676,-3.5579607194632556
93.65835468533919,5.356549387069761
-590.3417402203173,2.416054250345299
303.6581752715083,2.3455017403775544
-715.3417554682209,2.4192979126743266
294.65776636298506,-3.654296923555041
1121.6581732003008,2.2897561475583075
842.6581335440567,2.2989501906992205
-668.3419463115187,0.4149903244235409
-900.3421066609114,-1.5764567796674607
1235.6582503722664,2.291327568228465
1259.6578635263566,-1.7280458542536254
1249.6580873988248,0.2866902705948844
-692.3420761838415,-1.5824519716204386
883.6578665889713,-1.7031096038828135
224.65793270797235,-1.6514273940792452
299.65799738925693,0.33603867936010356
169.65796077022355,-1.6392325265107415
-772.3422512058744,-3.5772212581733855
94.65772628406444,-3.6498294526671344
-1168.3418574670663,2.436446613855421
5.658134744217477,2.3559959160998414
344.6579529842086,-1.659443987543474
742.657903230401,-1.683898169582255
500.65805748358207,0.3341976144658947
-0.34176072525610834,2.373525811595287
1171.6582281913795,2.288349258438897
-294.3418559842113,2.377023908579245
217.6578022667727,-3.6516953313779634
771.657775000863,-3.692143690520557
1249.6581057219375,0.2881330402722053
165.65777497091472,-3.643102735621948
569.6579168825356,-1.6774093959956873
-1043.3417482092327,2.4428939281339304
836.658177037307,2.3103142332523277
-880.3419476500605,0.42867222740179134
188.6581721529194,2.352665289739689
-318.34206804096425,-1.6125639038280006
605.6579569437529,-1.6684250740388054
-697.3418233304523,2.4101865134157627
963.6582071954124,2.3098091857972856
771.6577786619089,-3.6918137813785865
790.6577789918795,-3.686807704338319
264.6578686507669,-1.66073512919974
-821.3420591577197,-1.5782847036814638
908.6582363965265,2.3106433271339233
140.65809941252132,0.3622206774827159
511.6581147264385,0.3397019588504744
546.6582155462668,2.3370517727034024
694.6579560374853,-1.6761255152225734
737.6581057669625,0.32128150442557235
579.658138352012,2.317251136936216
-253.3420755485971,-1.6131441567915954
-62.342217820424594,-3.628920448592883
-693.3418370747215,2.406228392107016
482.65792406786613,-1.665787275239667
-482.3417794414979,2.404992355094447
204.6577685191769,-3.6515808498416886
-964.3418863072095,0.4368865127570185
-752.3418106003103,2.420406686514978
-184.34221764997642,-3.6236395734274356
-668.3419369611253,0.4150216914678957
75.65796946951673,-1.6347556176760372
-182.34216860673382,-3.616277651109261
-1088.3421687454609,-3.5573568599063434
-101.3421670164978,-3.621391384170698
445.6580228844789,0.32824208280918565
-1096.3417876808248,2.4372974604226236
674.6581864777447,2.3165174706820935
987.658225760418,2.2986165983580786
-823.3420217477908,-1.5738945847339707
-698.3421185191139,-1.5946031971545076
-879.3417865811633,2.422219065949763
-115.3419198013653,0.37106284247982213
-698.3421351692846,-1.5958939549367797
811.6582252935175,2.3111590685023016
-369.3421305443833,-1.6176358886356121
15.657754599745203,-3.6422877393132076
-653.3419738445551,0.4035783247146556
775.6577482389823,-3.6937506587347824
811.6581737846175,2.3072909437970264
450.6577622862526,-3.666001281260653
1077.6580253396612,0.28589025865696094
-1144.3421338541366,-1.565243981757427
-1111.3417601137126,2.4464589978187714
687.6577896239742,-3.6763737444106694
-484.3422225560141,-3.601990998115857
-388.34174338020637,2.4014098145126885
-900.3420594536356,-1.5729301633546569
-529.3422447345397,-3.6051572111329704
-653.3419699436297,0.4038643661466388
660.6581776358844,2.3200253833183186
849.6582379399704,2.3143132250105722
22.657822918616375,-3.6351277335613306
-631.3418216228918,2.4069987337301475
-1209.3421951643963,-3.548743424104324
761.6582460443096,2.3205658384815884
-1151.3422142044915,-3.559912157886055
-332.34175655703086,2.3959709429409273
-726.3420893883366,-1.5849805025763448
-751.3417901956337,2.418482359859519
-892.3418307779655,2.420264045235945
-454.34221613968657,-3.5964421985917094
1278.658106407265,0.2848865893419035
-992.3419069254543,0.4406004993184691
120.6582032652866,2.3533713903216773
-182.3422010336783,-3.6192537339233026
-635.3418592137136,2.4000357305977547
-1231.3420906396884,-1.5498941688710346
1267.6581481058513,2.283571603158798
-519.3421350106909,-1.6081112637158275
1287.6580165812754,0.27098049949092573
-17.342244924674105,-3.638588771385731
-972.3418640920635,2.4226735838275095
-867.3420615618129,-1.575317528341548
-590.341768573009,2.414747659005921
1058.6578709260145,-1.7146690117822923
-1200.3419919164714,0.43882224598271335
-894.3418604618471,2.417494746046775
-1206.342099114458,-1.5543033273793694
-376.3418991347538,0.3938576352213694
-296.3418410717055,2.3789760033476304
-287.3420550766846,-1.613515540802306
-992.3418890203329,0.4419443846552591
-1142.3421080053593,-1.5629657113556856
485.6580346231651,0.32628408051258173
-101.34216372592846,-3.6211371553341674
-506.34177072255136,2.4056863573305556
617.6577776625779,-3.6760867545412728
233.65814995623532,2.3440709691623303
1263.6577556803134,-3.7190802656091875
-356.3421329462325,-1.6188815331918285
-419.34212468998703,-1.6102743020806969
228.65802103989972,0.3433506355259617
937.6580710364735,0.3023769658670119
1024.6577971532513,-3.694838788726807
-1205.3421742823055,-3.5445551655565426
1098.6579372202757,-1.7097299193047526
799.6580626920775,0.3069244821654875
334.6578973163794,-1.6584162788333927
-1068.3421111626133,-1.566965715419124
-916.3418470410111,2.424675391399205
986.6578598049525,-1.7106734496247031
1055.6581028274356,0.2977234005469809
461.65787785844964,-1.6711633675688669
725.6579919079788,0.3070468870163525
1213.6578646087344,-1.7248822223752205
-1038.3418579321485,2.427465374606787
115.657820801649,-3.643479761237063
-329.34179107871114,2.3934970275487117
386.6577912803864,-3.6553782430342454
956.6579757505685,-1.6908929480647128
-282.341773857009,2.3960296333158047
-74.34190801401701,0.36916889900600136
-956.3418578489859,2.427366741254553
1014.6577400719259,-3.7064826439302934
-989.3418635165208,2.4281350605162997
424.6578228739461,-3.651356703768175
-321.34217555144653,-3.6123913178184193
465.6579650958288,-1.6586844795735343
-248.34217224358372,-3.616813144157316
-819.3422476676403,-3.5847675463884
507.6581292795113,2.326572034189792
-86.34211264087253,-1.6350589605050856
-329.3417900573734,2.3935499223944134
-992.3418726222314,0.44326531891845367
1231.6582188812893,2.2866251875203094
810.6581972163633,2.3059291836540305
-993.3421198287651,-1.5745691168958333
122.65819343520957,2.3526501202199093
120.65816471190715,2.351182461763826
-1205.3421516035853,-3.542959324869008
-644.3422459456191,-3.596732273439458
728.6581544866212,2.3089735367396873
-0.3418117743642597,2.369702886646156
742.6579181551633,-1.6827829878025842
445.658063840953,0.3316969998109469
-783.3417828278125,2.4220583412800734
-326.34216028386845,-3.602758368870366
726.657853236981,-1.688201751596401
1251.6580200453393,0.2759684921017138
827.6581331961554,2.3000934846964007
725.6580029743452,0.3084294381092372
-475.3418271142997,2.396845035457366
419.6580002387534,0.3281627764325137
-581.3417492632876,2.4118942036314435
623.6579106087088,-1.6767301616258012
-101.34223486787846,-3.626948859345489
486.6581139231221,0.341142256456763
-607.3418398944525,2.4002302489168077
918.6580060007507,0.29559350526554606
-1208.3419623459356,0.4460995513341439
-1044.341837745691,2.4300741982035037
-895.3420523832024,-1.5658135586266053
-1209.3422430389264,-3.5529485664167604
607.6579701764388,-1.6705992908813938
-879.3417709227328,2.423813246891484
-388.34174366151876,2.401416692061394
618.6577547625195,-3.6832315429313085
506.65797473227985,-1.662105969111198
-198.34218209276992,-3.620471929846607
-304.34174820023236,2.3935660666002
916.6580891429924,0.31514271293785345
-1223.3418084982409,2.4444974669416135
-431.3419544360654,0.39738473654354944
-1126.3422136607783,-3.562332573666814
-260.34194706199526,0.38531775439480764
-1196.3418483338874,2.4459079253799967
140.65804475370123,0.35798558341861586
1121.6581809357765,2.290325376514083
-631.3417532768875,2.4119517659507075
-291.3419918240279,0.3771514477043425
-1208.3419375368546,0.4472955695609748
-6.3421345689298505,-1.6428425584640287
299.6580038724319,0.3365916860947502
851.6582250942654,2.314821610790732
82.65793454129994,-1.6367103554896203
370.65813006153917,2.331196879084291
-83.34218258467536,-3.6214681934709145
-329.34174135494345,2.3971838349630366
902.6581551635256,2.2977357652302883
1287.658017267516,0.2710283298849543
-252.34227255444364,-3.6205942146512955
461.6579056167425,-1.6688185178118333
-441.34203757552257,-1.6032192621752928
-4.342248110329592,-3.6410787518115315
-321.342225343722,-3.6160070506473776
-17.342185215884456,-3.6341480614004396
487.65804541195826,0.33491374909770233
1123.6581364178426,2.2803167431435023
120.65821781283148,2.3550510248904866
851.658247820573,2.316529115377211
115.65778586382044,-3.6411879197843553
391.6578727978995,-1.6688649071911068
-250.34210849442627,-1.6228470403272777
-1242.342094572114,-1.5500210990643342
-1087.3420255189144,-1.5553531920578667
374.6584547196949,5.348404042027112
-325.34180331663185,2.38318520098007
-1087.342093117617,-1.560395090408524
761.6582452457153,2.3205099129949556
775.6577491946321,-3.6936882602121646
282.65813558002856,2.337286347569849
-1043.3417841931264,2.4449624221762782
235.6582206250837,2.358627801150032
1278.6580989376341,0.28428933759364305
1064.6582049083079,2.2955858331308256
-605.341796492169,2.402548160105453
-87.34176242937883,2.3753392986435644
580.6578693143144,-1.682395825217799
-121.34198112804506,0.3709226130632235
-62.34217665445817,-3.6252829209459723
-641.3422084886597,-3.587843438584246
224.65790719803567,-1.65332654744223
-590.3418150552047,2.4097591537059646
506.6579754759641,-1.6620614686682575
223.6578674483535,-1.6581261358468988
-304.34174899664526,2.3934808636329965
122.65817502129357,2.351093355493524
419.65804301981984,0.3311682116411685
596.6579685887862,-1.6712431468114208
772.657783834064,-3.6913455076544825
951.6581534694521,2.2937768530747933
-787.341842116507,2.4212036109201334
849.6582444203761,2.3147832395610397
-1205.3421594765466,-3.543405371992862
-1111.3417865070192,2.444488699212995
-581.3417883071729,2.4140336003676426
1287.65801862702,0.2711230928079278
482.6579655594546,-1.6629943801713227
-1050.3422050360048,-3.5580706942098215
-579.3418613191675,2.39600082494875
166.65818426150895,2.3573238590951986
1211.6581664615198,2.2802536789583163
-247.3422652853909,-3.6257905076237744
482.6579642923398,-1.662982370964993
-879.3418028016566,2.42082217418041
-1065.3418572275941,2.4293483900619863
-250.34208472685555,-1.6161472934573866
410.6577690852505,-3.668026827206379
-992.3419086658982,0.440460233337161
-666.3420272407972,-1.5819831835074294
319.6578938525979,-1.65861503491755
565.6577695260085,-3.675045595541383
-966.3417708057143,2.4297424955547786
-654.3422038978197,-3.5859613966743664
-536.3419691894055,0.39523278851873656
-1044.341856538253,2.433374454115625
-361.341800929898,2.3863945980198924
-1050.3421715065538,-3.5554733035498907
-277.3418184241135,2.382934367005457
-847.341848593597,2.415253883518698
-590.3417983134327,2.4117571037047796
-593.3417732569789,2.4164754972780784
-597.3421302055308,-1.6022433659044277
-114.34208740326721,-1.626063616902357
-203.34180680643863,2.3746025316559436
588.6582212715507,2.3235372970152897
-830.3420991603364,-1.5805143795908112
-510.34189731024196,0.402587673692298
-4.342256956048914,-3.641266735491118
-260.34188582221816,0.38986359899381196
726.6578624174194,-1.6927764724995509
-993.342108281628,-1.5736962996298787
166.65823609471727,2.3612221170174
1204.6577625443686,-3.7164056579072886
-332.3417428157105,2.396944353498019
-101.34218602533838,-3.6231396857675504
936.6580202985476,0.3078847981529398
20.658075317915745,0.36311785752022274
-973.3420919268383,-1.5705531805701693
-882.3421662621797,-3.566530126574801
-927.3419938755467,0.42004914086251244
229.65809101634704,0.34841552722469604
434.6581593365777,2.3286549461733044
1170.6582267710826,2.292319776970783
198.65802898164725,0.34630580691873636
-1002.3419034933272,0.43253615443432114
1235.658250968567,2.290516497789797
-709.3418234430185,2.4102243761093867
-889.3418973024263,0.42766213720523893
-993.3420709617454,-1.5709958399199686
1036.6577954281222,-3.6997827733694795
-847.3418181078358,2.4228023633902414
1038.6577219044236,-3.714281171064175
-937.3417657703908,2.4313094742688843
-1088.3421976056618,-3.5546971609565388
140.65807521037823,0.36025870461771525
-1114.3417875495454,2.4404282660209216
643.6578934581748,-1.683949970579282
511.6580675027428,0.33706845488566906
-686.3422065094874,-3.591669482868267
1173.6579993966945,0.2767254269530577
-1231.3421118924246,-1.5512796804921956
-1097.3419231033736,0.43699534645812754
-41.34186754333837,2.359071047346884
-1144.3421247388462,-1.5645307327706806
-1209.3422434217343,-3.5530630365469085
-864.3418225449312,2.4235344002199275
734.6580043949211,0.3070111030512477
-253.34201577718227,-1.6086331120779644
907.6582441480966,2.31239346933949
-845.3417633605616,2.4256188671387457
559.6578843350305,-1.679128279159234
836.6582223202493,2.3137350434848774
-666.3420816950605,-1.5861333737250156
742.6579464097606,-1.6804735704912312
908.6581901748339,2.307123279114614
-648.3417664243951,2.414340861140852
-668.3419362290401,0.4156585814282465
807.6580527280737,0.3156875335864191
-923.3419696856084,0.42150716153239554
-987.3418220024973,2.42671988092419
1087.6581918152517,2.2928937630120423
-1111.3418183627289,2.442131839130451
-879.3418404502329,2.4226508810003393
122.6581831994672,2.351688707275147
720.6578419026016,-3.6757962484959075
-907.3419649540832,0.42312885031309566
-879.3417918612043,2.4222567209473045
-858.3420943803314,-1.5776935209076042
326.6577648249811,-3.6590901900816886
-817.3422340873028,-3.584112378460508
643.6579135412794,-1.6824021076741609
798.6582432022103,2.3178543007823986
-676.3417525033108,2.418108927802419
-1183.3418683321743,2.4422413011048665
643.6579018214011,-1.683878587103603
-506.34175148130134,2.407368397124541
365.65824437356287,2.3462358244262775
-461.3421025462711,-1.6069389382937413
-614.341889966125,0.41245711124312656
841.6581621239368,2.3054138054433464
-1126.3422382631509,-3.5641132518823624
48.65783381238498,-3.6312575980958153
-969.3418552865751,2.423097906025049
511.6581184947481,0.34000075972440325
603.6577235633738,-3.684490938355057
-184.3422112515957,-3.623190268450319
1024.657801546541,-3.6945909930967247
-75.34182634672197,2.3651374386840347
309.65824211168,2.351242455661531
1142.6580309517246,0.28129150175370565
-74.34197685413392,0.3640080180815781
-887.342109076105,-1.580393175312695
811.6582193859642,2.310751868397764
1126.6581700560907,2.286289180818926
-742.3421381866767,-1.5876385108365247
61.658186760618946,2.365100133992434
569.6579163449301,-1.6726832927412976
-934.3418608846623,2.4201808483196308
866.6579283706421,-1.6918343580678123
1282.6581763895667,2.277452989623316
718.6580055200814,0.3081561785565725
227.65818432315154,2.3525246607404293
-1077.3418226938536,2.4334001735716013
-921.3422691413841,-3.580410419116477
-920.3422280663906,-3.57674320948433
1211.6582356566407,2.2854095183102636
172.65818885444037,2.354055781569473
-17.342213333669633,-3.6368250619374045
-332.3417720691499,2.3987677885136662
-992.3419232352408,0.4394032900328728
-686.3422687699103,-3.5918386092909516
849.6582423711818,2.3146299232491225
-214.34211470795617,-1.6236144147741065
-980.3420169264064,-1.5592411331709455
-854.342095059423,-1.5766250513541622
284.6577688202792,-3.6580429386026454
-1225.3419474021377,0.45272016359503375
413.6581502808349,2.333824164323352
-1216.3419425002362,0.45274841108894837
-1002.3419091800436,0.43215782386315027
-1025.3422291928798,-3.568597493344996
987.6582001766044,2.296696138526694
-106.34207277938299,-1.6306103341262488
-1068.3421280875434,-1.5682733454058502
68.65813644739274,2.3517674679147023
106.65823483244594,2.364631614823039
1170.6581801523655,2.2888885058356463
-260.34188735863404,0.38980214179596206
4.657881793837532,-1.6422637380865015
951.658221115373,2.298820218601394
165.6578360565627,-3.638540468526333
-921.342263029648,-3.579811185643718
-781.34211018178,-1.587511904236051
-374.34226957726435,-3.617605200070451
-991.3419706834202,0.4314480023718872
-1216.3419522790878,0.45240275462039214
-1173.3422602054375,-3.5625589810829155
-129.34188535627982,0.3825927011165735
-889.3419330103427,0.4250500635119465
-1087.3420569708717,-1.5529328374132652
-749.342151654416,-3.574521505780494
-723.3417834584084,2.4162665880514673
761.658246609448,2.320612902555281
177.65788619963678,-1.6482245199884047
303.65817812981595,2.3457110776484607
798.6582448344418,2.317956268907823
-475.3418240988384,2.3972503879806677
-772.3421771900419,-3.5766015852996116
649.6579548745656,-1.6771034676267207
142.65807159238307,0.35387595282933404
-431.34194791385846,0.3985039167736284
-666.3420815653403,-1.58611743093202
1159.658246685621,2.297683514211598
861.6578933695671,-1.6871748980441672
1198.657960942962,-1.7119046967537126
694.6579205887638,-1.6787588479099385
-685.3417865103128,2.409467860768018
172.65813649195525,2.3448645913077453
854.6577400881954,-3.7003078935792497
1121.6581443845773,2.2924495455634073
-895.3420207506215,-1.5637103358130071
540.6578728717341,-1.6757829948023475
-1217.3417499744623,2.4543788891809077
540.6578734515506,-1.6756951906319193
424.65784626184995,-3.6545926019996875
647.6577640131547,-3.6804484335242407
1166.6582436608226,2.294170986777633
129.65787983117866,-1.6509383320067261
1159.6582478649646,2.296077601535192
84.65779864735418,-3.643638172028709
-805.3420525000411,-1.578097254369914
1070.6581954749875,2.288116017315966
-766.342215643453,-3.578349211867249
-169.3419067454845,0.37569785113065013
-235.34194972540627,0.3764770413476519
-727.3417623341431,2.4176661179056858
-726.3420362247779,-1.5803622957386376
271.65788759697034,-1.6589574284882507
-482.3418124073893,2.4065832949205888
-787.3417843787727,2.4214807084532195
747.6577350337741,-3.6909697485496396
553.6580435724677,0.325572525528238
623.657964508468,-1.6727027588108214
-1030.342067219468,-1.5681072826855451
309.6582386993816,2.3509842787010786
-473.3417553678519,2.4049260988120205
1155.6580291821208,0.2801809260117354
505.65810055346833,0.33468701876312945
969.6581870439275,2.2944291778901382
1064.6581680964707,2.2931990291181528
-62.342162328986205,-3.624248293026071
687.6577937257157,-3.676248268359412
-662.3419235545512,0.4185611713683395
837.6581789481031,2.310386579856779
754.6577919364843,-3.6890658497914144
-1151.34224351852,-3.562142517176004
607.6579683262098,-1.6707389908785442
45.6580329248236,0.35871462306706725
-1086.3420304509748,-1.5574333511150518
-87.34176153596127,2.3755636014892128
-113.34179434238808,2.370249409869672
-895.3420248509315,-1.5640441326208676
712.658230347661,2.318079769015573
-820.3419725843991,0.41503601684933944
-723.3417746568366,2.417566130600653
-947.3419006501996,0.435844276958699
1024.6578006489788,-3.69466865936051
-820.3419907130935,0.412924736626608
-1043.3417497332223,2.442803711455772
263.6577367928146,-3.6595532511035684
1126.6581686153525,2.2866298846506545
-919.341944805424,0.423852770650643
510.6577512065021,-3.6755252930732345
1204.6577925578192,-3.709409465960315
-1056.3419296571778,0.44261448408783366
839.6578850189082,-1.6979306219271262
-964.3419716110712,0.43538799389114313
-882.3421742137214,-3.567698522894343
-1243.3420826060935,-1.5478028563081212
328.6578089801244,-3.651147535478497
-654.3422212330253,-3.587318199706027
-591.3422693679912,-3.6029266231642305
546.658183637662,2.329793696134562
123.65801724934067,0.34941319291412487
-14.341962165534142,0.3672039838129306
375.65837256659665,5.3374348507436755
1024.657817119639,-3.697348515772618
-820.3419729639644,0.4149790134580442
-763.3421303819098,-1.5843287596145021
-685.3418348805985,2.405864263068503
-771.3421239134923,-1.5892434118042988
937.6580285270704,0.29918642802646556
1259.6579000858735,-1.7261109763838003
-74.34195015635396,0.36601875015760044
-129.34188704960275,0.3824550429167779
779.6579452216724,-1.6894259057011416
111.65818393131917,2.3530962286472894
-889.3419506432213,0.4236948772881677
-583.3418562987063,2.396605382867021
-919.3419941051766,0.4196810054485889
-631.3417609625284,2.4113712580056683
-379.34180908942096,2.389231757808938
1258.6578709085618,-1.7282808955363422
772.657748236541,-3.693564968767681
-590.3417644295627,2.4141973200420708
140.65804539204328,0.3580362244914159
603.6577735257929,-3.6808612038162423
150.65817819009953,2.3494782336910456
1159.658246816564,2.296773463434554
379.6581904421341,2.3430590091552386
-63.34180954648741,2.3655044273655434
-734.3418579956308,2.406914912854111
-628.3422486965953,-3.5987715924269517
607.6579005534975,-1.6758029840357334
211.65822786286526,2.3620492424258446
382.65778792369883,-3.65892544167599
281.6579157694807,-1.6575239272235978
-768.3422256595635,-3.5749313054954426
140.65810861344448,0.362748140160015
156.65779654864264,-3.6378129821822793
-775.3422311412348,-3.5818685827187045
-798.3416294245392,5.4204932682159255
-666.3420192344234,-1.5812341218308874
458.6582083270223,2.331757383971439
285.65778232271646,-3.657827849299009
1069.6584034726313,5.296137361224807
227.65821766825297,2.3599855647301737
547.6577754025848,-3.671237954058981
-817.3421756571078,-3.5798342023556002
445.6580371838768,0.3347200307855056
537.6581366618364,2.3201111219597497
-506.341747230902,2.4074794542243767
-789.3422651023855,-3.5890297197492127
-299.34180605942834,2.3834582982082004
-920.342244246933,-3.5779584517457055
487.6580687433218,0.3366202458042986
908.6581611923255,2.304322633256902
-951.3420922867987,-1.571174865962003
-559.342120200633,-1.6042134825444125
65.65777765671055,-3.6437658208347816
715.6579463328796,-1.6816190382419656
-321.34224207931675,-3.617420618483421
48.65783548605782,-3.6311415993031773
-169.3419769440402,0.37048452793648057
-593.3417686565027,2.412071663467679
-752.3418107885453,2.4204027794376604
-924.3420377912473,-1.5651132538866004
-867.3420802109721,-1.576017216748442
1267.658151177419,2.2783513513400795
130.65817322823,2.3514463179577314
-654.3421733865171,-3.5832887829836784
-1097.341972847556,0.43377513627144015
-313.341806764824,2.3826882273771544
1192.6577405982168,-3.723349770493845
-992.3418876650542,0.4420402613799794
692.6582075629667,2.318984091010524
490.658255153505,2.341222285194446
292.6580619752108,0.3419699584860716
496.6579319382463,-1.6719590152095178
-330.34185178896723,2.3888367132992974
807.6581129973672,0.3205307002865716
-105.34209453163248,-1.6330390362107585
-817.3422450136256,-3.5798799111394364
-61.34193515418042,0.36554473494426976
-526.3418485782876,2.4003714528457607
-823.3420226461958,-1.5739532329438246
836.6582458265696,2.315457708503568
866.6579331563887,-1.691836345528544
-645.3422331777123,-3.5964841792338937
-614.3419462150738,0.40826008671580016
-662.341887685924,0.4162701887183893
-826.3418591144457,2.4130125236641877
68.6581548498732,2.3589978521137454
-597.3420981274339,-1.5998531969497787
902.6581793446774,2.2994465671610502
386.65778064934807,-3.6562128763722668
-410.34177575545937,2.3987327333045254
560.6581512051828,2.3195655327600093
1142.6579949661207,0.27862356271332
1196.6577566459966,-3.722458295167878
614.6579842912699,-1.6663308700138422
-947.341935071649,0.4332948857838028
-885.342132036933,-1.5828511044720046
747.6577321473949,-3.6913441232080926
-1196.3418362227303,2.4422869833324548
-378.34216276755683,-3.6005495844231774
-165.34218415075907,-3.624779620431969
-310.34224714075094,-3.6196726831804193
1197.657996011338,0.27495407700122065
1142.658042865535,0.28219210466638067
-198.342206056265,-3.6221224594702455
142.65805705802222,0.3534450846808239
184.65787439214478,-1.6514481078524579
467.6577983825823,-3.6689949174914784
608.6578944544904,-1.6817574578373922
1121.6581924716281,2.296408284156099
154.65815986603616,2.3478063485696463
1184.6581477754128,2.2768700831998956
-929.3422469912936,-3.5736136633394144
93.65843019891895,5.362827110858253
647.6577766435432,-3.6800326521420104
-643.3418573736466,2.4007841221042616
-849.3418021133649,2.4188312741043436
-1216.3418723388224,0.45795248078705164
-702.3418646589503,2.4041063569943155
82.65791436576592,-1.638245456818348
-461.3420385144283,-1.6021481328383365
142.65808495606802,0.35552554155496807
-975.3418672257442,2.427885984448908
1287.6580014141475,0.26945956559266193
1159.6581934362264,2.292825071733625
-1170.3415806415069,5.4452995592501106
649.6578987962403,-1.681925321079496
309.65818447299876,2.3470015754223414
-892.3418384297069,2.419740315048247
-1216.341942287054,0.4527372041602371
-676.3417552364573,2.417929326831729
204.65782597617726,-3.6472214005487213
689.6579538424419,-1.6827673260732467
94.65776947303925,-3.6466702508496835
-221.34180207161194,2.3807237005143405
-749.3421546161687,-3.5747498002883527
-242.34163647967216,5.375254745307131
-752.3418112301033,2.4204476460925433
-1150.3417904753474,2.4401145617305513
907.6582540872103,2.313136245159008
24.657729922764247,-3.6446968669909756
-684.3416328582441,5.406252789299779
386.6578171218912,-3.65347663327358
-821.3420574507909,-1.5779171128350997
465.6579763482771,-1.6578469704853362
-121.34189683381464,0.377799910325332
-510.3419440480991,0.3984215853575348
-375.3417475204117,2.398409901175106
486.6581053882783,0.34058331933959796
-573.3418477253828,2.3966408864745032
830.6577261306004,-3.699771435984352
751.6581095524643,0.32075172408864994
1068.6577785248212,-3.7042808667299028
-723.3417572545201,2.418859434409222
290.6578314280307,-3.650242367532174
-198.34219143033215,-3.6212067481915877
-115.34191375871865,0.37151835129210564
1077.6580174116668,0.28533682834009344
344.6578854351151,-1.6644696007714148
1121.6581813919418,2.29036167750827
1009.6577729507983,-3.7084673943195403
-892.3417765675297,2.4243866764942332
401.65782762930553,-3.6588369083968324
-885.3421087544241,-1.5804033577519006
-159.3421068663381,-1.6285927062511178
1190.6582012476858,2.2810949320641525
836.6582469878479,2.3155385691737154
-461.34207639394765,-1.6049533446050468
911.6581899066771,2.30152812530251
-121.34190083710723,0.3775137152619408
-1006.3421333490526,-1.5747716631559974
-1130.3419064997881,0.4414105237151338
1278.6580432417725,0.2849018451577221
-515.3419600014178,0.39598919980574276
1092.6577637536805,-3.7147535370035802
1211.658186147686,2.2816750947353963
-63.34185048802351,2.3663905549678255
-900.342053127372,-1.5723404082250436
623.6579080672147,-1.6769146231353398
-581.341817836827,2.406770078304599
-1082.3422382471417,-3.567050489845264
45.65808663231246,0.3629424398030672
580.6578622094098,-1.682960998049548
-854.3420953777497,-1.576645071324558
977.6577337417427,-3.708767088696392
211.65818554848784,2.3545793776685677
161.65824882690436,2.362628065730563
1211.6582351660884,2.2853791188187005
-83.34217000729859,-3.6154419696769224
649.6579247920222,-1.6791712058759223
-1045.3422207090498,-3.561114701776371
-54.34183516944154,2.3629770028896386
166.65822861009065,2.3624303916672993
48.65784130406132,-3.630693540667762
-277.34179503553,2.3846794781276532
-1097.3419904307516,0.4318417646641768
-410.3417474699795,2.4008350983794937
1170.658233368253,2.2931607165136523
668.6581603151135,2.3129708426142734
-388.341809278955,2.3966017595040547
-62.34220375649238,-3.6273474618243364
-473.3417495949561,2.405354319890206
-1142.3421129455116,-1.5631378685734685
-247.34220865740247,-3.616582883732253
-992.3419001954621,0.44109282126365557
908.6581791043393,2.3062854203259855
1263.6577587373356,-3.7236255962401867
565.6577721213012,-3.674156749671231
1001.657731943799,-3.7110414977821646
-122.34186716938257,2.364569179933235
-927.3419953776549,0.4198778140683608
281.6578972234088,-1.6589292899233183
72.65821018787665,2.366357505497356
93.65835556296793,5.35661505664483
458.6581611091128,2.328285996788808
366.6581834533986,2.3449118515922294
-659.3417853198424,2.417329916068452
861.6579741152457,-1.6858946457649915
-533.341826618867,2.396125953809049
500.6580433133131,0.3331805239251402
876.6578616026834,-1.69752850173687
618.6577291753097,-3.685257560994429
687.6578058583686,-3.6710435051274324
188.65821450552653,2.3596072874335867
916.6580961197926,0.310479601097593
-591.3422650280947,-3.6023381821140266
109.6580632167686,0.3549057180799515
798.6582420896088,2.3177505260038753
-1196.3418277699925,2.443548000409142
-114.34207511046293,-1.6251402692751022
-607.3418480040066,2.3994116342363467
936.6580744563319,0.30677214537742437
-768.3421761641467,-3.5770245214902454
143.658202075781,2.3516173750643343
715.6578947282437,-1.6854661480532376
309.6582231262271,2.3498397436709952
748.6582048987141,2.3140060826532993
-431.3419473789511,0.3985151447133557
-1117.3419340772982,0.437483332782274
-773.3422627937279,-3.5818398387987807
-1194.3417993871612,2.4539150995865855
918.6580755459129,0.30045167749880886
-74.34196342978748,0.36434221435409686
712.6581773796161,2.319319505300723
614.6579857502311,-1.6664314193241916
-321.3422029642453,-3.6144918207330496
1249.6580820224192,0.2862743244098649
-520.3420022786611,0.39217804754025387
-1203.3418603723753,2.4382886548815863
-288.3418409406223,2.3784287693551143
395.65819845156307,2.343014186269624
598.6582319757601,2.3283848319170986
47.657826888049385,-3.6329827070707044
623.6579528455297,-1.6735760855129618
-921.3422022000741,-3.5752701002518466
496.65792881544326,-1.6722496411850432
-885.3421170200382,-1.5763802008840826
772.6577927755075,-3.690772783076542
-1155.3422614587134,-3.563798513453444
-1144.342119560469,-1.5642854004224933
605.6579774686422,-1.6668968973019762
-184.34223808154866,-3.625018966714056
1148.657991993008,0.2779708637347218
-1168.3418647120486,2.4411639374963716
-184.34222838420828,-3.6244601441614512
-454.34221188164304,-3.600116282196015
-662.3418887617268,0.41619218957165494
-646.3418391461198,2.4029544058605694
849.6582447025205,2.3149052525742295
-924.3420202180275,-1.5631608883648647
-54.34181942558553,2.3641593887611716
-441.3420987442548,-1.6077648062667724
465.6579822158492,-1.6574070419387303
761.6581777164972,2.3155132146617508
-848.3421551944599,-3.569460495026203
100.65806680392097,0.36135920978116687
-87.34176184321154,2.375314312053125
522.6582310844419,2.332258401429308
375.65836699062925,5.336998527369157
-643.3418176351607,2.403599953832307
-896.3421010184055,-1.5756234747047313
-506.3417471229494,2.4074792737863113
-751.3417941336509,2.418034692468212
490.6582215980925,2.342806129888742
494.6577258701959,-3.67149490313841
-832.3421133735337,-1.5826730609274753
-2.341945603453496,0.3612557428470522
-1177.341804734423,2.4550839158743907
-1024.341829593829,2.4292869033082116
713.6579028939486,-1.688757122863492
-176.3422674604442,-3.6307861539409325
379.658154731874,2.339971200296028
-711.3418514642516,2.4058509002672306
-789.3422657347555,-3.5890396053726965
-2.3419759693861124,0.35969117884956425
731.6582439652964,2.323895085663165
-947.3418867811904,0.43781915506915237
375.6583812223025,5.337460718572353
1190.6581551224492,2.2777106782659162
731.6582162791758,2.3217346087627426
-617.3419863386974,0.39957005448842864
44.65800456854163,0.35386564338670734
-628.342204054467,-3.590799772420019
-515.3419719117795,0.3950906450973388
500.658108983107,0.3381426358139894
-794.341794984929,2.416255190838414
-804.3420791998798,-1.579985984689079
-510.341938952807,0.39946209035396496
531.6583929111496,5.324803260995627
319.65788619638533,-1.6597935092333458
120.65813686817592,2.3484732907242742
-482.3417599547081,2.4064601928208864
-820.3419739436233,0.41491481494081306
228.65808127834066,0.3477570970977757
836.6582465987856,2.3156005168239426
424.65784338894673,-3.65492381138302
1017.6578193045614,-3.6971862393041657
-165.34224046432314,-3.628985124779859
-685.3418611338765,2.4087168907640564
1033.6577765982395,-3.7045353999036843
-994.3418566812836,2.4245657601336594
-619.3419384356793,0.4046047821635659
-0.34181202683430456,2.369800567425485
-41.34184702308994,2.3606195838525412
227.65823202740762,2.356782001793679
482.6579702852025,-1.6626993062660218
956.6579492315539,-1.6879536061089557
725.6580129981971,0.3084284967612474
-991.3419041538582,0.4317390943271393
1166.6582185723162,2.297095019209735
-619.3419674201691,0.40310816161881213
1008.6579935592638,0.28757350203858767
-484.342201671044,-3.6050487436954346
1282.6581739017518,2.2773062798571475
-491.34213399044313,-1.6097955883992796
-318.34205211451683,-1.6115819181106148
-113.34183899306754,2.366676987026284
190.65791352999736,-1.6481304738315314
-536.3419753296371,0.39547454104596014
-828.3421334819084,-1.586834669427839
294.65781249998895,-3.646805736491112
263.65775386935184,-3.657783374540071
-454.342179947035,-3.598288923017983
-628.3422705073303,-3.600454099631151
861.6579455739914,-1.6831637637110202
-375.3417747519337,2.3964616793558546
100.6580836959854,0.36335226803940657
851.6582454252377,2.3163546241364674
-666.3420578853827,-1.5839063067395696
169.65798217471092,-1.637030738980541
122.65815879335082,2.3506043430004215
1278.658083776291,0.2832005216501301
1235.6582467615065,2.2902270511519056
-906.3418267967824,2.424226788742997
-880.3418837712179,0.4334798689063577
223.65789547106738,-1.6554978826520457
-593.3417427229512,2.4147006339391837
379.6581569443588,2.3397705926015684
440.65815556001075,2.3287893327889817
-431.3419478428069,0.39849270067324305
-2.341968827530991,0.3601047955981649
956.6579819879673,-1.6904348898020447
