Block_ID	Chrom1	Gene1	Pos1	Chrom2	Gene2	Pos2	Identity_Pct
Block_1	NC_037285.2	XP_006368530.1	159614	NC_037287.2	XP_024452726.1	13432844	44.26
Block_1	NC_037285.2	XP_006368511.1	3207145	NC_037287.2	XP_002303610.1	15075424	40.58
Block_1	NC_037285.2	XP_006368868.2	4486450	NC_037287.2	XP_002304549.1	15527228	57.63
Block_1	NC_037285.2	XP_002297983.2	7371990	NC_037287.2	XP_002304741.2	17779254	40.52
Block_1	NC_037285.2	XP_006368768.2	7882247	NC_037287.2	XP_002303852.3	18768266	43.66
Block_1	NC_037285.2	XP_002297623.3	9916385	NC_037287.2	XP_024452203.2	21584780	47.54
Block_2	NC_037285.2	XP_006368530.1	159614	NC_037298.2	XP_024441317.1	1460990	35.71
Block_2	NC_037285.2	XP_006368511.1	3207145	NC_037298.2	XP_006375168.1	3234387	40.00
Block_2	NC_037285.2	XP_006368868.2	4486450	NC_037298.2	XP_006375351.1	5870811	33.33
Block_2	NC_037285.2	XP_002297983.2	7371990	NC_037298.2	XP_002320160.2	5891006	47.56
Block_2	NC_037285.2	XP_006368768.2	7882247	NC_037298.2	XP_002320852.4	6296630	40.43
Block_2	NC_037285.2	XP_002297623.3	9916385	NC_037298.2	XP_024440069.1	7538137	59.65
Block_2	NC_037285.2	XP_024466667.1	21315533	NC_037298.2	XP_002320967.3	7968052	41.58
Block_2	NC_037285.2	XP_002300120.2	33712941	NC_037298.2	XP_052303237.1	8049826	51.72
Block_2	NC_037285.2	XP_006369893.1	36641635	NC_037298.2	XP_002321134.3	10916137	42.86
Block_2	NC_037285.2	XP_002298853.1	37983571	NC_037298.2	XP_006375555.1	11864534	47.35
Block_3	NC_037285.2	XP_006368530.1	159614	NC_037297.2	XP_002319082.4	2936940	42.62
Block_3	NC_037285.2	XP_006368511.1	3207145	NC_037297.2	XP_024438829.2	7868485	37.78
Block_3	NC_037285.2	XP_006368868.2	4486450	NC_037297.2	XP_002319879.4	9153347	48.33
Block_3	NC_037285.2	XP_002297983.2	7371990	NC_037297.2	XP_024439297.1	9163560	56.52
Block_3	NC_037285.2	XP_006368768.2	7882247	NC_037297.2	XP_002319959.2	14908280	41.03
Block_4	NC_037285.2	XP_006368530.1	159614	NC_037286.2	XP_002302070.2	2846278	43.33
Block_4	NC_037285.2	XP_006368511.1	3207145	NC_037286.2	XP_002302140.2	4065581	37.21
Block_4	NC_037285.2	XP_006368868.2	4486450	NC_037286.2	XP_002301166.2	9332683	37.63
Block_4	NC_037285.2	XP_002297983.2	7371990	NC_037286.2	XP_002301237.2	10431495	39.76
Block_4	NC_037285.2	XP_006368768.2	7882247	NC_037286.2	XP_006386616.2	12590323	40.00
Block_4	NC_037285.2	XP_002297623.3	9916385	NC_037286.2	XP_002301377.2	12619400	50.73
Block_4	NC_037285.2	XP_024466667.1	21315533	NC_037286.2	XP_002302620.1	12950333	54.24
Block_4	NC_037285.2	XP_002300120.2	33712941	NC_037286.2	XP_002302808.1	14860854	41.28
Block_4	NC_037285.2	XP_006369893.1	36641635	NC_037286.2	XP_002301524.3	15575016	45.87
Block_4	NC_037285.2	XP_002298853.1	37983571	NC_037286.2	XP_002301514.2	15813542	35.71
Block_4	NC_037285.2	XP_024458563.1	48605799	NC_037286.2	XP_024450700.1	21787634	45.74
Block_5	NC_037285.2	XP_006368530.1	159614	NC_037291.2	XP_002310122.1	4339587	41.18
Block_5	NC_037285.2	XP_006368511.1	3207145	NC_037291.2	XP_002310044.1	10243688	45.45
Block_5	NC_037285.2	XP_006368868.2	4486450	NC_037291.2	XP_024461002.1	10436238	43.88
Block_6	NC_037285.2	XP_006368530.1	159614	NC_037289.2	XP_006382812.1	3486578	42.62
Block_6	NC_037285.2	XP_006368511.1	3207145	NC_037289.2	XP_024456867.1	5877537	38.54
Block_6	NC_037285.2	XP_006368868.2	4486450	NC_037289.2	XP_052308647.1	5998576	58.33
Block_6	NC_037285.2	XP_002297983.2	7371990	NC_037289.2	XP_006383530.2	11313285	40.50
Block_6	NC_037285.2	XP_006368768.2	7882247	NC_037289.2	XP_002306743.1	20829693	45.79
Block_6	NC_037285.2	XP_002297623.3	9916385	NC_037289.2	XP_002306823.1	22204644	36.66
Block_7	NC_037285.2	XP_006368530.1	159614	NC_037290.2	XP_002308998.1	5266321	40.98
Block_7	NC_037285.2	XP_006368511.1	3207145	NC_037290.2	XP_002309066.3	6547400	50.00
Block_7	NC_037285.2	XP_006368868.2	4486450	NC_037290.2	XP_024458700.1	8094569	56.25
Block_7	NC_037285.2	XP_002297983.2	7371990	NC_037290.2	XP_002309186.4	8482325	36.95
Block_7	NC_037285.2	XP_006368768.2	7882247	NC_037290.2	XP_006381519.2	10930631	38.00
Block_7	NC_037285.2	XP_002297623.3	9916385	NC_037290.2	XP_024460429.2	19088117	42.05
Block_7	NC_037285.2	XP_024466667.1	21315533	NC_037290.2	XP_002308538.1	22894958	44.56
Block_7	NC_037285.2	XP_002300120.2	33712941	NC_037290.2	XP_002308704.1	25986082	38.00
Block_7	NC_037285.2	XP_006369893.1	36641635	NC_037290.2	XP_006382109.3	26029137	40.20
Block_8	NC_037285.2	XP_006368530.1	159614	NC_037302.2	XP_002324382.1	615270	38.03
Block_8	NC_037285.2	XP_006368511.1	3207145	NC_037302.2	XP_024446284.2	1292205	49.18
Block_8	NC_037285.2	XP_006368868.2	4486450	NC_037302.2	XP_002324328.1	1335139	50.82
Block_8	NC_037285.2	XP_002297983.2	7371990	NC_037302.2	XP_006371762.1	1349083	47.06
Block_8	NC_037285.2	XP_006368768.2	7882247	NC_037302.2	XP_024446053.1	12567397	33.11
Block_8	NC_037285.2	XP_002297623.3	9916385	NC_037302.2	XP_002325248.3	14435429	37.85
Block_9	NC_037285.2	XP_006368530.1	159614	NC_037295.2	XP_002317397.1	6182166	43.33
Block_9	NC_037285.2	XP_006368511.1	3207145	NC_037295.2	XP_024436877.2	8531133	45.45
Block_9	NC_037285.2	XP_006368868.2	4486450	NC_037295.2	XP_024437369.2	11223426	57.14
Block_9	NC_037285.2	XP_002297983.2	7371990	NC_037295.2	XP_052301100.1	18333481	54.39
Block_9	NC_037285.2	XP_006368768.2	7882247	NC_037295.2	XP_006378014.1	19237430	45.16
Block_10	NC_037285.2	XP_006368530.1	159614	NC_037288.2	XP_002305271.3	6053102	34.62
Block_10	NC_037285.2	XP_006368511.1	3207145	NC_037288.2	XP_024454278.1	11508039	36.09
Block_11	NC_037285.2	XP_006368530.1	159614	NC_037301.2	XP_006373216.1	5566257	39.06
Block_11	NC_037285.2	XP_006368511.1	3207145	NC_037301.2	XP_002323839.4	8849889	53.09
Block_11	NC_037285.2	XP_006368868.2	4486450	NC_037301.2	XP_024444415.2	10127356	52.83
Block_11	NC_037285.2	XP_002297983.2	7371990	NC_037301.2	XP_006372370.1	14784916	34.88
Block_12	NC_037285.2	XP_006368530.1	159614	NC_037292.2	XP_002312267.1	5739919	41.07
Block_12	NC_037285.2	XP_006368511.1	3207145	NC_037292.2	XP_002311329.2	5865817	49.15
Block_12	NC_037285.2	XP_006368868.2	4486450	NC_037292.2	XP_002312318.2	6517252	67.90
Block_13	NC_037285.2	XP_006368530.1	159614	NC_037294.2	XP_002314962.2	15857170	47.46
Block_13	NC_037285.2	XP_006368511.1	3207145	NC_037294.2	XP_024466901.1	16611764	38.46
Block_13	NC_037285.2	XP_006368868.2	4486450	NC_037294.2	XP_002315024.1	16783136	53.57
Block_14	NC_037285.2	XP_006368530.1	159614	NC_037300.2	XP_024443283.1	6485177	36.91
Block_14	NC_037285.2	XP_006368511.1	3207145	NC_037300.2	XP_002323509.1	10100937	42.68
Block_14	NC_037285.2	XP_006368868.2	4486450	NC_037300.2	XP_002323637.2	13149873	57.50
Block_14	NC_037285.2	XP_002297983.2	7371990	NC_037300.2	XP_002323675.2	14139186	37.23
Block_15	NC_037285.2	XP_006368530.1	159614	NC_037303.2	XP_052305286.1	9848168	43.55
Block_15	NC_037285.2	XP_006368511.1	3207145	NC_037303.2	XP_002326093.4	14801942	51.47
Block_16	NC_037285.2	XP_006368511.1	3207145	NC_037299.2	XP_052303325.1	8984460	44.91
Block_16	NC_037285.2	XP_006368868.2	4486450	NC_037299.2	XP_002322274.1	11932322	74.51
Block_17	NC_037285.2	XP_006368530.1	159614	NC_037296.2	XP_002318373.2	911247	44.07
Block_17	NC_037285.2	XP_006368511.1	3207145	NC_037296.2	XP_002318747.1	12395944	50.82
Block_18	NC_037286.2	XP_002302070.2	2846278	NC_037298.2	XP_024441317.1	1460990	54.29
Block_18	NC_037286.2	XP_002302140.2	4065581	NC_037298.2	XP_006375168.1	3234387	66.27
Block_18	NC_037286.2	XP_002301166.2	9332683	NC_037298.2	XP_006375351.1	5870811	55.21
Block_18	NC_037286.2	XP_002301237.2	10431495	NC_037298.2	XP_002320160.2	5891006	71.25
Block_18	NC_037286.2	XP_006386616.2	12590323	NC_037298.2	XP_002320852.4	6296630	47.37
Block_18	NC_037286.2	XP_002301377.2	12619400	NC_037298.2	XP_024440069.1	7538137	33.95
Block_18	NC_037286.2	XP_002302620.1	12950333	NC_037298.2	XP_002320967.3	7968052	35.77
Block_18	NC_037286.2	XP_002302808.1	14860854	NC_037298.2	XP_052303237.1	8049826	52.50
Block_18	NC_037286.2	XP_002301524.3	15575016	NC_037298.2	XP_002321134.3	10916137	49.35
Block_18	NC_037286.2	XP_002301514.2	15813542	NC_037298.2	XP_006375555.1	11864534	54.10
Block_19	NC_037286.2	XP_002302070.2	2846278	NC_037291.2	XP_002310122.1	4339587	53.66
Block_19	NC_037286.2	XP_002302140.2	4065581	NC_037291.2	XP_002310044.1	10243688	49.59
Block_19	NC_037286.2	XP_002301166.2	9332683	NC_037291.2	XP_024461002.1	10436238	42.05
Block_20	NC_037286.2	XP_002302070.2	2846278	NC_037289.2	XP_006382812.1	3486578	62.85
Block_20	NC_037286.2	XP_002302140.2	4065581	NC_037289.2	XP_024456867.1	5877537	53.19
Block_20	NC_037286.2	XP_002301166.2	9332683	NC_037289.2	XP_052308647.1	5998576	46.51
Block_20	NC_037286.2	XP_002301237.2	10431495	NC_037289.2	XP_006383530.2	11313285	38.84
Block_20	NC_037286.2	XP_006386616.2	12590323	NC_037289.2	XP_002306743.1	20829693	53.62
Block_20	NC_037286.2	XP_002301377.2	12619400	NC_037289.2	XP_002306823.1	22204644	50.00
Block_21	NC_037286.2	XP_002302070.2	2846278	NC_037290.2	XP_002308998.1	5266321	60.13
Block_21	NC_037286.2	XP_002302140.2	4065581	NC_037290.2	XP_002309066.3	6547400	38.62
Block_21	NC_037286.2	XP_002301166.2	9332683	NC_037290.2	XP_024458700.1	8094569	47.71
Block_21	NC_037286.2	XP_002301237.2	10431495	NC_037290.2	XP_002309186.4	8482325	38.09
Block_21	NC_037286.2	XP_006386616.2	12590323	NC_037290.2	XP_006381519.2	10930631	42.73
Block_21	NC_037286.2	XP_002301377.2	12619400	NC_037290.2	XP_024460429.2	19088117	43.18
Block_21	NC_037286.2	XP_002302620.1	12950333	NC_037290.2	XP_002308538.1	22894958	43.33
Block_21	NC_037286.2	XP_002302808.1	14860854	NC_037290.2	XP_002308704.1	25986082	27.30
Block_21	NC_037286.2	XP_002301524.3	15575016	NC_037290.2	XP_006382109.3	26029137	46.15
Block_22	NC_037286.2	XP_002302070.2	2846278	NC_037302.2	XP_002324382.1	615270	38.66
Block_22	NC_037286.2	XP_002302140.2	4065581	NC_037302.2	XP_024446284.2	1292205	50.00
Block_22	NC_037286.2	XP_002301166.2	9332683	NC_037302.2	XP_002324328.1	1335139	44.87
Block_22	NC_037286.2	XP_002301237.2	10431495	NC_037302.2	XP_006371762.1	1349083	40.18
Block_22	NC_037286.2	XP_006386616.2	12590323	NC_037302.2	XP_024446053.1	12567397	35.94
Block_22	NC_037286.2	XP_002301377.2	12619400	NC_037302.2	XP_002325248.3	14435429	45.07
Block_23	NC_037286.2	XP_002302070.2	2846278	NC_037297.2	XP_002319082.4	2936940	62.85
Block_23	NC_037286.2	XP_002302140.2	4065581	NC_037297.2	XP_024438829.2	7868485	45.26
Block_23	NC_037286.2	XP_002301166.2	9332683	NC_037297.2	XP_002319879.4	9153347	35.29
Block_23	NC_037286.2	XP_002301237.2	10431495	NC_037297.2	XP_024439297.1	9163560	47.46
Block_23	NC_037286.2	XP_006386616.2	12590323	NC_037297.2	XP_002319959.2	14908280	50.77
Block_24	NC_037286.2	XP_002302070.2	2846278	NC_037287.2	XP_024452726.1	13432844	51.74
Block_24	NC_037286.2	XP_002302140.2	4065581	NC_037287.2	XP_002303610.1	15075424	40.62
Block_24	NC_037286.2	XP_002301166.2	9332683	NC_037287.2	XP_002304549.1	15527228	38.09
Block_24	NC_037286.2	XP_002301237.2	10431495	NC_037287.2	XP_002304741.2	17779254	58.89
Block_24	NC_037286.2	XP_006386616.2	12590323	NC_037287.2	XP_002303852.3	18768266	36.52
Block_24	NC_037286.2	XP_002301524.3	15575016	NC_037287.2	XP_024452203.2	21584780	45.90
Block_25	NC_037286.2	XP_002302070.2	2846278	NC_037295.2	XP_006389578.1	587221	60.00
Block_25	NC_037286.2	XP_002302140.2	4065581	NC_037295.2	XP_002317397.1	6182166	54.69
Block_25	NC_037286.2	XP_002301166.2	9332683	NC_037295.2	XP_024436877.2	8531133	40.00
Block_25	NC_037286.2	XP_002301237.2	10431495	NC_037295.2	XP_024437369.2	11223426	42.47
Block_25	NC_037286.2	XP_006386616.2	12590323	NC_037295.2	XP_052301100.1	18333481	49.75
Block_25	NC_037286.2	XP_002301377.2	12619400	NC_037295.2	XP_006378014.1	19237430	43.06
Block_26	NC_037286.2	XP_002302070.2	2846278	NC_037288.2	XP_024455846.2	463543	49.42
Block_26	NC_037286.2	XP_002302140.2	4065581	NC_037288.2	XP_002305730.1	5076521	54.69
Block_26	NC_037286.2	XP_002301166.2	9332683	NC_037288.2	XP_002305271.3	6053102	51.77
Block_26	NC_037286.2	XP_002301237.2	10431495	NC_037288.2	XP_024454278.1	11508039	60.00
Block_27	NC_037286.2	XP_002302070.2	2846278	NC_037300.2	XP_024443283.1	6485177	52.11
Block_27	NC_037286.2	XP_002302140.2	4065581	NC_037300.2	XP_002323509.1	10100937	40.54
Block_27	NC_037286.2	XP_002301166.2	9332683	NC_037300.2	XP_002323637.2	13149873	55.68
Block_27	NC_037286.2	XP_002301237.2	10431495	NC_037300.2	XP_002323675.2	14139186	38.71
Block_28	NC_037286.2	XP_002302070.2	2846278	NC_037301.2	XP_006373216.1	5566257	37.11
Block_28	NC_037286.2	XP_002302140.2	4065581	NC_037301.2	XP_002323839.4	8849889	45.45
Block_28	NC_037286.2	XP_002301166.2	9332683	NC_037301.2	XP_024444415.2	10127356	58.33
Block_28	NC_037286.2	XP_002301237.2	10431495	NC_037301.2	XP_006372370.1	14784916	45.90
Block_29	NC_037286.2	XP_002302070.2	2846278	NC_037303.2	XP_052305286.1	9848168	42.59
Block_29	NC_037286.2	XP_002302140.2	4065581	NC_037303.2	XP_002326093.4	14801942	55.24
Block_30	NC_037286.2	XP_002302070.2	2846278	NC_037294.2	XP_002314962.2	15857170	43.37
Block_30	NC_037286.2	XP_002302140.2	4065581	NC_037294.2	XP_024466901.1	16611764	66.67
Block_30	NC_037286.2	XP_002301166.2	9332683	NC_037294.2	XP_002315024.1	16783136	51.72
Block_31	NC_037286.2	XP_002302070.2	2846278	NC_037292.2	XP_002312267.1	5739919	48.19
Block_31	NC_037286.2	XP_002302140.2	4065581	NC_037292.2	XP_002311329.2	5865817	60.16
Block_31	NC_037286.2	XP_002301166.2	9332683	NC_037292.2	XP_002312318.2	6517252	41.84
Block_32	NC_037286.2	XP_002302070.2	2846278	NC_037299.2	XP_052303325.1	8984460	60.34
Block_32	NC_037286.2	XP_002302140.2	4065581	NC_037299.2	XP_002322274.1	11932322	63.01
Block_33	NC_037286.2	XP_002302070.2	2846278	NC_037296.2	XP_002318373.2	911247	52.63
Block_33	NC_037286.2	XP_002302140.2	4065581	NC_037296.2	XP_002318747.1	12395944	60.27
Block_34	NC_037287.2	XP_024452726.1	13432844	NC_037298.2	XP_024441317.1	1460990	39.36
Block_34	NC_037287.2	XP_002303610.1	15075424	NC_037298.2	XP_006375168.1	3234387	46.55
Block_34	NC_037287.2	XP_002304549.1	15527228	NC_037298.2	XP_006375351.1	5870811	50.88
Block_34	NC_037287.2	XP_002304741.2	17779254	NC_037298.2	XP_002320160.2	5891006	57.48
Block_34	NC_037287.2	XP_002303852.3	18768266	NC_037298.2	XP_002320852.4	6296630	34.55
Block_34	NC_037287.2	XP_024452203.2	21584780	NC_037298.2	XP_002320967.3	7968052	45.90
Block_35	NC_037287.2	XP_024452726.1	13432844	NC_037301.2	XP_006373216.1	5566257	41.18
Block_35	NC_037287.2	XP_002303610.1	15075424	NC_037301.2	XP_002323839.4	8849889	44.74
Block_35	NC_037287.2	XP_002304549.1	15527228	NC_037301.2	XP_024444415.2	10127356	43.16
Block_35	NC_037287.2	XP_002304741.2	17779254	NC_037301.2	XP_006372370.1	14784916	42.62
Block_36	NC_037287.2	XP_024452726.1	13432844	NC_037288.2	XP_024455846.2	463543	57.90
Block_36	NC_037287.2	XP_002303610.1	15075424	NC_037288.2	XP_002305730.1	5076521	48.18
Block_36	NC_037287.2	XP_002304549.1	15527228	NC_037288.2	XP_002305271.3	6053102	44.05
Block_36	NC_037287.2	XP_002304741.2	17779254	NC_037288.2	XP_024454278.1	11508039	60.49
Block_37	NC_037287.2	XP_024452726.1	13432844	NC_037295.2	XP_006389578.1	587221	57.90
Block_37	NC_037287.2	XP_002303610.1	15075424	NC_037295.2	XP_002317397.1	6182166	49.58
Block_37	NC_037287.2	XP_002304549.1	15527228	NC_037295.2	XP_024436877.2	8531133	44.33
Block_37	NC_037287.2	XP_002304741.2	17779254	NC_037295.2	XP_024437369.2	11223426	58.02
Block_37	NC_037287.2	XP_002303852.3	18768266	NC_037295.2	XP_052301100.1	18333481	46.05
Block_37	NC_037287.2	XP_024452203.2	21584780	NC_037295.2	XP_006378014.1	19237430	42.10
Block_38	NC_037287.2	XP_024452726.1	13432844	NC_037302.2	XP_002324382.1	615270	36.84
Block_38	NC_037287.2	XP_002303610.1	15075424	NC_037302.2	XP_024446284.2	1292205	32.65
Block_38	NC_037287.2	XP_002304549.1	15527228	NC_037302.2	XP_002324328.1	1335139	45.61
Block_38	NC_037287.2	XP_002304741.2	17779254	NC_037302.2	XP_006371762.1	1349083	51.67
Block_38	NC_037287.2	XP_002303852.3	18768266	NC_037302.2	XP_024446053.1	12567397	37.50
Block_39	NC_037287.2	XP_024452726.1	13432844	NC_037289.2	XP_006382812.1	3486578	73.33
Block_39	NC_037287.2	XP_002303610.1	15075424	NC_037289.2	XP_024456867.1	5877537	35.87
Block_39	NC_037287.2	XP_002304549.1	15527228	NC_037289.2	XP_052308647.1	5998576	53.45
Block_39	NC_037287.2	XP_002304741.2	17779254	NC_037289.2	XP_006383530.2	11313285	50.79
Block_39	NC_037287.2	XP_002303852.3	18768266	NC_037289.2	XP_002306743.1	20829693	46.84
Block_39	NC_037287.2	XP_024452203.2	21584780	NC_037289.2	XP_002306823.1	22204644	42.62
Block_40	NC_037287.2	XP_024452726.1	13432844	NC_037290.2	XP_002308998.1	5266321	34.80
Block_40	NC_037287.2	XP_002303610.1	15075424	NC_037290.2	XP_002309066.3	6547400	56.45
Block_40	NC_037287.2	XP_002304549.1	15527228	NC_037290.2	XP_024458700.1	8094569	52.46
Block_40	NC_037287.2	XP_002304741.2	17779254	NC_037290.2	XP_002309186.4	8482325	41.24
Block_40	NC_037287.2	XP_002303852.3	18768266	NC_037290.2	XP_006381519.2	10930631	52.86
Block_40	NC_037287.2	XP_024452203.2	21584780	NC_037290.2	XP_002308538.1	22894958	34.94
Block_41	NC_037287.2	XP_024452726.1	13432844	NC_037291.2	XP_002310122.1	4339587	60.90
Block_41	NC_037287.2	XP_002303610.1	15075424	NC_037291.2	XP_002310044.1	10243688	35.80
Block_41	NC_037287.2	XP_002304549.1	15527228	NC_037291.2	XP_024461002.1	10436238	39.66
Block_42	NC_037287.2	XP_024452726.1	13432844	NC_037297.2	XP_002319082.4	2936940	73.33
Block_42	NC_037287.2	XP_002303610.1	15075424	NC_037297.2	XP_024438829.2	7868485	34.19
Block_42	NC_037287.2	XP_002304549.1	15527228	NC_037297.2	XP_002319879.4	9153347	36.79
Block_42	NC_037287.2	XP_002304741.2	17779254	NC_037297.2	XP_024439297.1	9163560	39.05
Block_42	NC_037287.2	XP_002303852.3	18768266	NC_037297.2	XP_002319959.2	14908280	54.67
Block_43	NC_037287.2	XP_024452726.1	13432844	NC_037300.2	XP_024443283.1	6485177	46.34
Block_43	NC_037287.2	XP_002303610.1	15075424	NC_037300.2	XP_002323509.1	10100937	53.73
Block_43	NC_037287.2	XP_002304549.1	15527228	NC_037300.2	XP_002323637.2	13149873	56.90
Block_43	NC_037287.2	XP_002304741.2	17779254	NC_037300.2	XP_002323675.2	14139186	36.67
Block_44	NC_037287.2	XP_024452726.1	13432844	NC_037294.2	XP_002314962.2	15857170	57.90
Block_44	NC_037287.2	XP_002303610.1	15075424	NC_037294.2	XP_024466901.1	16611764	41.38
Block_44	NC_037287.2	XP_002304549.1	15527228	NC_037294.2	XP_002315024.1	16783136	50.00
Block_45	NC_037287.2	XP_024452726.1	13432844	NC_037292.2	XP_002312267.1	5739919	57.58
Block_45	NC_037287.2	XP_002303610.1	15075424	NC_037292.2	XP_002311329.2	5865817	43.75
Block_45	NC_037287.2	XP_002304549.1	15527228	NC_037292.2	XP_002312318.2	6517252	55.17
Block_46	NC_037287.2	XP_024452726.1	13432844	NC_037296.2	XP_002318373.2	911247	46.07
Block_46	NC_037287.2	XP_002303610.1	15075424	NC_037296.2	XP_002318747.1	12395944	41.10
Block_47	NC_037287.2	XP_024452726.1	13432844	NC_037299.2	XP_052303325.1	8984460	54.39
Block_47	NC_037287.2	XP_002303610.1	15075424	NC_037299.2	XP_002322274.1	11932322	44.44
Block_48	NC_037287.2	XP_024452726.1	13432844	NC_037303.2	XP_052305286.1	9848168	49.35
Block_48	NC_037287.2	XP_002303610.1	15075424	NC_037303.2	XP_002326093.4	14801942	44.16
Block_49	NC_037288.2	XP_024455846.2	463543	NC_037301.2	XP_006373216.1	5566257	49.42
Block_49	NC_037288.2	XP_002305730.1	5076521	NC_037301.2	XP_002323839.4	8849889	54.10
Block_49	NC_037288.2	XP_002305271.3	6053102	NC_037301.2	XP_024444415.2	10127356	41.94
Block_49	NC_037288.2	XP_024454278.1	11508039	NC_037301.2	XP_006372370.1	14784916	45.88
Block_50	NC_037288.2	XP_024455846.2	463543	NC_037298.2	XP_024441317.1	1460990	45.56
Block_50	NC_037288.2	XP_002305730.1	5076521	NC_037298.2	XP_006375168.1	3234387	45.59
Block_50	NC_037288.2	XP_002305271.3	6053102	NC_037298.2	XP_006375351.1	5870811	38.46
Block_50	NC_037288.2	XP_024454278.1	11508039	NC_037298.2	XP_002320160.2	5891006	60.53
Block_51	NC_037288.2	XP_024455846.2	463543	NC_037295.2	XP_006389578.1	587221	83.25
Block_51	NC_037288.2	XP_002305730.1	5076521	NC_037295.2	XP_002317397.1	6182166	86.19
Block_51	NC_037288.2	XP_002305271.3	6053102	NC_037295.2	XP_024436877.2	8531133	44.83
Block_51	NC_037288.2	XP_024454278.1	11508039	NC_037295.2	XP_024437369.2	11223426	42.42
Block_52	NC_037288.2	XP_024455846.2	463543	NC_037289.2	XP_006382812.1	3486578	46.34
Block_52	NC_037288.2	XP_002305730.1	5076521	NC_037289.2	XP_024456867.1	5877537	50.00
Block_52	NC_037288.2	XP_002305271.3	6053102	NC_037289.2	XP_052308647.1	5998576	38.55
Block_52	NC_037288.2	XP_024454278.1	11508039	NC_037289.2	XP_006383530.2	11313285	57.97
Block_53	NC_037288.2	XP_024455846.2	463543	NC_037302.2	XP_002324382.1	615270	48.78
Block_53	NC_037288.2	XP_002305730.1	5076521	NC_037302.2	XP_024446284.2	1292205	50.77
Block_53	NC_037288.2	XP_002305271.3	6053102	NC_037302.2	XP_002324328.1	1335139	37.65
Block_53	NC_037288.2	XP_024454278.1	11508039	NC_037302.2	XP_006371762.1	1349083	58.33
Block_54	NC_037288.2	XP_024455846.2	463543	NC_037291.2	XP_002310122.1	4339587	42.86
Block_54	NC_037288.2	XP_002305730.1	5076521	NC_037291.2	XP_002310044.1	10243688	47.37
Block_54	NC_037288.2	XP_002305271.3	6053102	NC_037291.2	XP_024461002.1	10436238	40.96
Block_55	NC_037288.2	XP_024455846.2	463543	NC_037297.2	XP_002319082.4	2936940	47.56
Block_55	NC_037288.2	XP_002305730.1	5076521	NC_037297.2	XP_024438829.2	7868485	37.86
Block_55	NC_037288.2	XP_002305271.3	6053102	NC_037297.2	XP_002319879.4	9153347	49.15
Block_55	NC_037288.2	XP_024454278.1	11508039	NC_037297.2	XP_024439297.1	9163560	53.33
Block_56	NC_037288.2	XP_024455846.2	463543	NC_037290.2	XP_002308998.1	5266321	48.75
Block_56	NC_037288.2	XP_002305730.1	5076521	NC_037290.2	XP_002309066.3	6547400	42.16
Block_56	NC_037288.2	XP_002305271.3	6053102	NC_037290.2	XP_024458700.1	8094569	40.96
Block_56	NC_037288.2	XP_024454278.1	11508039	NC_037290.2	XP_002309186.4	8482325	45.00
Block_57	NC_037288.2	XP_024455846.2	463543	NC_037292.2	XP_002312267.1	5739919	47.00
Block_57	NC_037288.2	XP_002305730.1	5076521	NC_037292.2	XP_002311329.2	5865817	54.39
Block_57	NC_037288.2	XP_002305271.3	6053102	NC_037292.2	XP_002312318.2	6517252	45.74
Block_58	NC_037288.2	XP_024455846.2	463543	NC_037294.2	XP_002314962.2	15857170	51.95
Block_58	NC_037288.2	XP_002305730.1	5076521	NC_037294.2	XP_024466901.1	16611764	56.14
Block_58	NC_037288.2	XP_002305271.3	6053102	NC_037294.2	XP_002315024.1	16783136	49.37
Block_59	NC_037288.2	XP_024455846.2	463543	NC_037300.2	XP_024443283.1	6485177	50.00
Block_59	NC_037288.2	XP_002305730.1	5076521	NC_037300.2	XP_002323509.1	10100937	36.64
Block_59	NC_037288.2	XP_002305271.3	6053102	NC_037300.2	XP_002323637.2	13149873	44.30
Block_59	NC_037288.2	XP_024454278.1	11508039	NC_037300.2	XP_002323675.2	14139186	41.79
Block_60	NC_037288.2	XP_024455846.2	463543	NC_037296.2	XP_002318373.2	911247	39.45
Block_60	NC_037288.2	XP_002305730.1	5076521	NC_037296.2	XP_002318747.1	12395944	33.78
Block_61	NC_037288.2	XP_024455846.2	463543	NC_037299.2	XP_052303325.1	8984460	35.98
Block_61	NC_037288.2	XP_002305730.1	5076521	NC_037299.2	XP_002322274.1	11932322	53.45
Block_62	NC_037288.2	XP_024455846.2	463543	NC_037303.2	XP_052305286.1	9848168	52.63
Block_62	NC_037288.2	XP_002305730.1	5076521	NC_037303.2	XP_002326093.4	14801942	39.32
Block_63	NC_037289.2	XP_006382812.1	3486578	NC_037295.2	XP_006389578.1	587221	45.12
Block_63	NC_037289.2	XP_024456867.1	5877537	NC_037295.2	XP_002317397.1	6182166	50.00
Block_63	NC_037289.2	XP_052308647.1	5998576	NC_037295.2	XP_024436877.2	8531133	64.20
Block_63	NC_037289.2	XP_006383530.2	11313285	NC_037295.2	XP_024437369.2	11223426	40.17
Block_63	NC_037289.2	XP_002306743.1	20829693	NC_037295.2	XP_052301100.1	18333481	53.62
Block_63	NC_037289.2	XP_002306823.1	22204644	NC_037295.2	XP_006378014.1	19237430	39.13
Block_64	NC_037289.2	XP_006382812.1	3486578	NC_037298.2	XP_024441317.1	1460990	37.07
Block_64	NC_037289.2	XP_024456867.1	5877537	NC_037298.2	XP_006375168.1	3234387	37.64
Block_64	NC_037289.2	XP_052308647.1	5998576	NC_037298.2	XP_006375351.1	5870811	48.39
Block_64	NC_037289.2	XP_006383530.2	11313285	NC_037298.2	XP_002320160.2	5891006	38.61
Block_64	NC_037289.2	XP_002306743.1	20829693	NC_037298.2	XP_002320852.4	6296630	40.62
Block_64	NC_037289.2	XP_002306823.1	22204644	NC_037298.2	XP_024440069.1	7538137	61.29
Block_65	NC_037289.2	XP_006382812.1	3486578	NC_037292.2	XP_002312267.1	5739919	52.11
Block_65	NC_037289.2	XP_024456867.1	5877537	NC_037292.2	XP_002311329.2	5865817	50.49
Block_65	NC_037289.2	XP_052308647.1	5998576	NC_037292.2	XP_002312318.2	6517252	64.20
Block_66	NC_037289.2	XP_006382812.1	3486578	NC_037294.2	XP_002314962.2	15857170	40.24
Block_66	NC_037289.2	XP_024456867.1	5877537	NC_037294.2	XP_024466901.1	16611764	59.72
Block_66	NC_037289.2	XP_052308647.1	5998576	NC_037294.2	XP_002315024.1	16783136	62.82
Block_67	NC_037289.2	XP_006382812.1	3486578	NC_037291.2	XP_002310122.1	4339587	56.25
Block_67	NC_037289.2	XP_024456867.1	5877537	NC_037291.2	XP_002310044.1	10243688	46.67
Block_67	NC_037289.2	XP_052308647.1	5998576	NC_037291.2	XP_024461002.1	10436238	45.22
Block_68	NC_037289.2	XP_006382812.1	3486578	NC_037301.2	XP_006373216.1	5566257	29.56
Block_68	NC_037289.2	XP_024456867.1	5877537	NC_037301.2	XP_002323839.4	8849889	50.00
Block_68	NC_037289.2	XP_052308647.1	5998576	NC_037301.2	XP_024444415.2	10127356	42.77
Block_68	NC_037289.2	XP_006383530.2	11313285	NC_037301.2	XP_006372370.1	14784916	52.94
Block_69	NC_037289.2	XP_006382812.1	3486578	NC_037300.2	XP_024443283.1	6485177	50.70
Block_69	NC_037289.2	XP_024456867.1	5877537	NC_037300.2	XP_002323509.1	10100937	55.93
Block_69	NC_037289.2	XP_052308647.1	5998576	NC_037300.2	XP_002323637.2	13149873	64.47
Block_69	NC_037289.2	XP_002306743.1	20829693	NC_037300.2	XP_002323675.2	14139186	42.86
Block_70	NC_037289.2	XP_006382812.1	3486578	NC_037299.2	XP_052303325.1	8984460	57.63
Block_70	NC_037289.2	XP_024456867.1	5877537	NC_037299.2	XP_002322274.1	11932322	56.34
Block_71	NC_037289.2	XP_006382812.1	3486578	NC_037303.2	XP_052305286.1	9848168	45.74
Block_71	NC_037289.2	XP_024456867.1	5877537	NC_037303.2	XP_002326093.4	14801942	54.05
Block_72	NC_037289.2	XP_006382812.1	3486578	NC_037290.2	XP_002308998.1	5266321	60.67
Block_72	NC_037289.2	XP_024456867.1	5877537	NC_037290.2	XP_002309066.3	6547400	35.29
Block_72	NC_037289.2	XP_052308647.1	5998576	NC_037290.2	XP_024458700.1	8094569	60.53
Block_72	NC_037289.2	XP_006383530.2	11313285	NC_037290.2	XP_002309186.4	8482325	33.98
Block_72	NC_037289.2	XP_002306743.1	20829693	NC_037290.2	XP_006381519.2	10930631	47.90
Block_72	NC_037289.2	XP_002306823.1	22204644	NC_037290.2	XP_024460429.2	19088117	55.00
Block_73	NC_037289.2	XP_006382812.1	3486578	NC_037297.2	XP_002319082.4	2936940	90.96
Block_73	NC_037289.2	XP_024456867.1	5877537	NC_037297.2	XP_024438829.2	7868485	56.76
Block_73	NC_037289.2	XP_052308647.1	5998576	NC_037297.2	XP_002319879.4	9153347	41.67
Block_73	NC_037289.2	XP_006383530.2	11313285	NC_037297.2	XP_024439297.1	9163560	42.57
Block_73	NC_037289.2	XP_002306743.1	20829693	NC_037297.2	XP_002319959.2	14908280	46.40
Block_74	NC_037289.2	XP_006382812.1	3486578	NC_037296.2	XP_002318373.2	911247	50.88
Block_74	NC_037289.2	XP_024456867.1	5877537	NC_037296.2	XP_002318747.1	12395944	40.50
Block_75	NC_037289.2	XP_006382812.1	3486578	NC_037302.2	XP_002324382.1	615270	37.57
Block_75	NC_037289.2	XP_024456867.1	5877537	NC_037302.2	XP_024446284.2	1292205	45.00
Block_75	NC_037289.2	XP_052308647.1	5998576	NC_037302.2	XP_002324328.1	1335139	49.21
Block_75	NC_037289.2	XP_006383530.2	11313285	NC_037302.2	XP_006371762.1	1349083	40.15
Block_75	NC_037289.2	XP_002306743.1	20829693	NC_037302.2	XP_024446053.1	12567397	45.45
Block_75	NC_037289.2	XP_002306823.1	22204644	NC_037302.2	XP_002325248.3	14435429	53.98
Block_76	NC_037290.2	XP_002308998.1	5266321	NC_037291.2	XP_002310122.1	4339587	48.65
Block_76	NC_037290.2	XP_002309066.3	6547400	NC_037291.2	XP_002310044.1	10243688	64.41
Block_76	NC_037290.2	XP_024458700.1	8094569	NC_037291.2	XP_024461002.1	10436238	53.75
Block_77	NC_037290.2	XP_002308998.1	5266321	NC_037292.2	XP_002312267.1	5739919	46.07
Block_77	NC_037290.2	XP_002309066.3	6547400	NC_037292.2	XP_002311329.2	5865817	36.41
Block_77	NC_037290.2	XP_024458700.1	8094569	NC_037292.2	XP_002312318.2	6517252	50.00
Block_78	NC_037290.2	XP_002308998.1	5266321	NC_037298.2	XP_024441317.1	1460990	41.01
Block_78	NC_037290.2	XP_002309066.3	6547400	NC_037298.2	XP_006375168.1	3234387	66.10
Block_78	NC_037290.2	XP_024458700.1	8094569	NC_037298.2	XP_006375351.1	5870811	50.79
Block_78	NC_037290.2	XP_002309186.4	8482325	NC_037298.2	XP_002320160.2	5891006	44.00
Block_78	NC_037290.2	XP_006381519.2	10930631	NC_037298.2	XP_002320852.4	6296630	46.38
Block_78	NC_037290.2	XP_024460429.2	19088117	NC_037298.2	XP_024440069.1	7538137	50.63
Block_78	NC_037290.2	XP_002308538.1	22894958	NC_037298.2	XP_002320967.3	7968052	62.02
Block_78	NC_037290.2	XP_002308704.1	25986082	NC_037298.2	XP_052303237.1	8049826	43.10
Block_78	NC_037290.2	XP_006382109.3	26029137	NC_037298.2	XP_002321134.3	10916137	45.45
Block_79	NC_037290.2	XP_002308998.1	5266321	NC_037296.2	XP_002318373.2	911247	41.67
Block_79	NC_037290.2	XP_002309066.3	6547400	NC_037296.2	XP_002318747.1	12395944	43.70
Block_80	NC_037290.2	XP_002308998.1	5266321	NC_037294.2	XP_002314962.2	15857170	45.12
Block_80	NC_037290.2	XP_002309066.3	6547400	NC_037294.2	XP_024466901.1	16611764	34.24
Block_80	NC_037290.2	XP_024458700.1	8094569	NC_037294.2	XP_002315024.1	16783136	54.18
Block_81	NC_037290.2	XP_002308998.1	5266321	NC_037295.2	XP_006389578.1	587221	46.59
Block_81	NC_037290.2	XP_002309066.3	6547400	NC_037295.2	XP_002317397.1	6182166	36.53
Block_81	NC_037290.2	XP_024458700.1	8094569	NC_037295.2	XP_024436877.2	8531133	37.91
Block_81	NC_037290.2	XP_002309186.4	8482325	NC_037295.2	XP_024437369.2	11223426	43.33
Block_81	NC_037290.2	XP_006381519.2	10930631	NC_037295.2	XP_052301100.1	18333481	53.73
Block_81	NC_037290.2	XP_024460429.2	19088117	NC_037295.2	XP_006378014.1	19237430	36.40
Block_82	NC_037290.2	XP_002308998.1	5266321	NC_037297.2	XP_002319082.4	2936940	60.67
Block_82	NC_037290.2	XP_002309066.3	6547400	NC_037297.2	XP_024438829.2	7868485	61.02
Block_82	NC_037290.2	XP_024458700.1	8094569	NC_037297.2	XP_024439297.1	9163560	48.28
Block_82	NC_037290.2	XP_002309186.4	8482325	NC_037297.2	XP_002319959.2	14908280	43.33
Block_83	NC_037290.2	XP_002308998.1	5266321	NC_037303.2	XP_052305286.1	9848168	49.46
Block_83	NC_037290.2	XP_002309066.3	6547400	NC_037303.2	XP_002326093.4	14801942	55.93
Block_84	NC_037290.2	XP_002308998.1	5266321	NC_037301.2	XP_006373216.1	5566257	36.96
Block_84	NC_037290.2	XP_002309066.3	6547400	NC_037301.2	XP_002323839.4	8849889	55.38
Block_84	NC_037290.2	XP_024458700.1	8094569	NC_037301.2	XP_024444415.2	10127356	51.53
Block_84	NC_037290.2	XP_002309186.4	8482325	NC_037301.2	XP_006372370.1	14784916	47.54
Block_85	NC_037290.2	XP_002308998.1	5266321	NC_037299.2	XP_052303325.1	8984460	50.70
Block_85	NC_037290.2	XP_002309066.3	6547400	NC_037299.2	XP_002322274.1	11932322	61.02
Block_86	NC_037290.2	XP_002308998.1	5266321	NC_037300.2	XP_024443283.1	6485177	54.93
Block_86	NC_037290.2	XP_002309066.3	6547400	NC_037300.2	XP_002323509.1	10100937	74.57
Block_86	NC_037290.2	XP_024458700.1	8094569	NC_037300.2	XP_002323637.2	13149873	79.89
Block_86	NC_037290.2	XP_002309186.4	8482325	NC_037300.2	XP_002323675.2	14139186	66.57
Block_87	NC_037290.2	XP_002308998.1	5266321	NC_037302.2	XP_002324382.1	615270	52.14
Block_87	NC_037290.2	XP_002309066.3	6547400	NC_037302.2	XP_024446284.2	1292205	52.46
Block_87	NC_037290.2	XP_024458700.1	8094569	NC_037302.2	XP_002324328.1	1335139	36.84
Block_87	NC_037290.2	XP_002309186.4	8482325	NC_037302.2	XP_006371762.1	1349083	35.92
Block_87	NC_037290.2	XP_006381519.2	10930631	NC_037302.2	XP_024446053.1	12567397	37.50
Block_87	NC_037290.2	XP_024460429.2	19088117	NC_037302.2	XP_002325248.3	14435429	46.81
Block_88	NC_037291.2	XP_002310122.1	4339587	NC_037298.2	XP_024441317.1	1460990	57.18
Block_88	NC_037291.2	XP_002310044.1	10243688	NC_037298.2	XP_006375168.1	3234387	76.29
Block_88	NC_037291.2	XP_024461002.1	10436238	NC_037298.2	XP_006375351.1	5870811	36.21
Block_89	NC_037291.2	XP_002310122.1	4339587	NC_037292.2	XP_002312267.1	5739919	54.17
Block_89	NC_037291.2	XP_002310044.1	10243688	NC_037292.2	XP_002311329.2	5865817	60.61
Block_89	NC_037291.2	XP_024461002.1	10436238	NC_037292.2	XP_002312318.2	6517252	52.69
Block_90	NC_037291.2	XP_002310122.1	4339587	NC_037294.2	XP_002314962.2	15857170	46.34
Block_90	NC_037291.2	XP_002310044.1	10243688	NC_037294.2	XP_024466901.1	16611764	65.43
Block_90	NC_037291.2	XP_024461002.1	10436238	NC_037294.2	XP_002315024.1	16783136	41.03
Block_91	NC_037291.2	XP_002310122.1	4339587	NC_037295.2	XP_006389578.1	587221	54.24
Block_91	NC_037291.2	XP_002310044.1	10243688	NC_037295.2	XP_002317397.1	6182166	47.37
Block_91	NC_037291.2	XP_024461002.1	10436238	NC_037295.2	XP_024436877.2	8531133	50.59
Block_92	NC_037291.2	XP_002310122.1	4339587	NC_037301.2	XP_006373216.1	5566257	34.21
Block_92	NC_037291.2	XP_002310044.1	10243688	NC_037301.2	XP_002323839.4	8849889	47.37
Block_92	NC_037291.2	XP_024461002.1	10436238	NC_037301.2	XP_024444415.2	10127356	45.74
Block_93	NC_037291.2	XP_002310122.1	4339587	NC_037300.2	XP_024443283.1	6485177	50.63
Block_93	NC_037291.2	XP_002310044.1	10243688	NC_037300.2	XP_002323509.1	10100937	53.75
Block_93	NC_037291.2	XP_024461002.1	10436238	NC_037300.2	XP_002323637.2	13149873	50.00
Block_94	NC_037291.2	XP_002310122.1	4339587	NC_037303.2	XP_052305286.1	9848168	53.95
Block_94	NC_037291.2	XP_002310044.1	10243688	NC_037303.2	XP_002326093.4	14801942	50.45
Block_95	NC_037291.2	XP_002310122.1	4339587	NC_037297.2	XP_002319082.4	2936940	36.34
Block_95	NC_037291.2	XP_002310044.1	10243688	NC_037297.2	XP_024438829.2	7868485	50.51
Block_95	NC_037291.2	XP_024461002.1	10436238	NC_037297.2	XP_002319959.2	14908280	53.75
Block_96	NC_037291.2	XP_002310122.1	4339587	NC_037296.2	XP_002318373.2	911247	43.88
Block_96	NC_037291.2	XP_002310044.1	10243688	NC_037296.2	XP_002318747.1	12395944	60.27
Block_97	NC_037291.2	XP_002310122.1	4339587	NC_037299.2	XP_052303325.1	8984460	50.77
Block_97	NC_037291.2	XP_002310044.1	10243688	NC_037299.2	XP_002322274.1	11932322	60.27
Block_98	NC_037291.2	XP_002310122.1	4339587	NC_037302.2	XP_002324382.1	615270	44.77
Block_98	NC_037291.2	XP_002310044.1	10243688	NC_037302.2	XP_024446284.2	1292205	44.74
Block_98	NC_037291.2	XP_024461002.1	10436238	NC_037302.2	XP_002324328.1	1335139	52.46
Block_99	NC_037292.2	XP_002312267.1	5739919	NC_037294.2	XP_002314962.2	15857170	61.33
Block_99	NC_037292.2	XP_002311329.2	5865817	NC_037294.2	XP_024466901.1	16611764	85.42
Block_99	NC_037292.2	XP_002312318.2	6517252	NC_037294.2	XP_002315024.1	16783136	46.72
Block_100	NC_037292.2	XP_002312267.1	5739919	NC_037295.2	XP_006389578.1	587221	38.96
Block_100	NC_037292.2	XP_002311329.2	5865817	NC_037295.2	XP_002317397.1	6182166	54.39
Block_100	NC_037292.2	XP_002312318.2	6517252	NC_037295.2	XP_024436877.2	8531133	43.40
Block_101	NC_037292.2	XP_002312267.1	5739919	NC_037298.2	XP_024441317.1	1460990	51.35
Block_101	NC_037292.2	XP_002311329.2	5865817	NC_037298.2	XP_006375168.1	3234387	67.47
Block_101	NC_037292.2	XP_002312318.2	6517252	NC_037298.2	XP_006375351.1	5870811	52.24
Block_102	NC_037292.2	XP_002312267.1	5739919	NC_037301.2	XP_006373216.1	5566257	53.41
Block_102	NC_037292.2	XP_002311329.2	5865817	NC_037301.2	XP_002323839.4	8849889	48.72
Block_102	NC_037292.2	XP_002312318.2	6517252	NC_037301.2	XP_024444415.2	10127356	50.00
Block_103	NC_037292.2	XP_002312267.1	5739919	NC_037296.2	XP_002318373.2	911247	47.69
Block_103	NC_037292.2	XP_002311329.2	5865817	NC_037296.2	XP_002318747.1	12395944	67.57
Block_104	NC_037292.2	XP_002312267.1	5739919	NC_037299.2	XP_052303325.1	8984460	45.16
Block_104	NC_037292.2	XP_002311329.2	5865817	NC_037299.2	XP_002322274.1	11932322	66.22
Block_105	NC_037292.2	XP_002312267.1	5739919	NC_037300.2	XP_024443283.1	6485177	37.56
Block_105	NC_037292.2	XP_002311329.2	5865817	NC_037300.2	XP_002323509.1	10100937	33.95
Block_105	NC_037292.2	XP_002312318.2	6517252	NC_037300.2	XP_002323637.2	13149873	49.62
Block_106	NC_037292.2	XP_002312267.1	5739919	NC_037303.2	XP_052305286.1	9848168	51.67
Block_106	NC_037292.2	XP_002311329.2	5865817	NC_037303.2	XP_002326093.4	14801942	60.26
Block_107	NC_037292.2	XP_002312267.1	5739919	NC_037297.2	XP_002319082.4	2936940	53.52
Block_107	NC_037292.2	XP_002311329.2	5865817	NC_037297.2	XP_024438829.2	7868485	62.16
Block_107	NC_037292.2	XP_002312318.2	6517252	NC_037297.2	XP_002319879.4	9153347	30.95
Block_108	NC_037292.2	XP_002312267.1	5739919	NC_037302.2	XP_002324382.1	615270	54.93
Block_108	NC_037292.2	XP_002311329.2	5865817	NC_037302.2	XP_024446284.2	1292205	46.05
Block_108	NC_037292.2	XP_002312318.2	6517252	NC_037302.2	XP_002324328.1	1335139	52.54
Block_109	NC_037294.2	XP_002314962.2	15857170	NC_037298.2	XP_024441317.1	1460990	44.19
Block_109	NC_037294.2	XP_024466901.1	16611764	NC_037298.2	XP_006375168.1	3234387	67.90
Block_109	NC_037294.2	XP_002315024.1	16783136	NC_037298.2	XP_006375351.1	5870811	44.90
Block_110	NC_037294.2	XP_002314962.2	15857170	NC_037295.2	XP_006389578.1	587221	51.95
Block_110	NC_037294.2	XP_024466901.1	16611764	NC_037295.2	XP_002317397.1	6182166	56.14
Block_110	NC_037294.2	XP_002315024.1	16783136	NC_037295.2	XP_024436877.2	8531133	45.03
Block_111	NC_037294.2	XP_002314962.2	15857170	NC_037296.2	XP_002318373.2	911247	55.93
Block_111	NC_037294.2	XP_024466901.1	16611764	NC_037296.2	XP_002318747.1	12395944	51.89
Block_112	NC_037294.2	XP_002314962.2	15857170	NC_037299.2	XP_052303325.1	8984460	40.74
Block_112	NC_037294.2	XP_024466901.1	16611764	NC_037299.2	XP_002322274.1	11932322	65.79
Block_113	NC_037294.2	XP_002314962.2	15857170	NC_037301.2	XP_006373216.1	5566257	68.92
Block_113	NC_037294.2	XP_024466901.1	16611764	NC_037301.2	XP_002323839.4	8849889	48.72
Block_113	NC_037294.2	XP_002315024.1	16783136	NC_037301.2	XP_024444415.2	10127356	54.56
Block_114	NC_037294.2	XP_002314962.2	15857170	NC_037300.2	XP_024443283.1	6485177	41.79
Block_114	NC_037294.2	XP_024466901.1	16611764	NC_037300.2	XP_002323509.1	10100937	36.41
Block_114	NC_037294.2	XP_002315024.1	16783136	NC_037300.2	XP_002323637.2	13149873	51.25
Block_115	NC_037294.2	XP_002314962.2	15857170	NC_037297.2	XP_002319082.4	2936940	41.46
Block_115	NC_037294.2	XP_024466901.1	16611764	NC_037297.2	XP_024438829.2	7868485	62.16
Block_115	NC_037294.2	XP_002315024.1	16783136	NC_037297.2	XP_002319879.4	9153347	41.79
Block_116	NC_037294.2	XP_002314962.2	15857170	NC_037303.2	XP_052305286.1	9848168	48.28
Block_116	NC_037294.2	XP_024466901.1	16611764	NC_037303.2	XP_002326093.4	14801942	57.32
Block_117	NC_037294.2	XP_002314962.2	15857170	NC_037302.2	XP_002324382.1	615270	38.84
Block_117	NC_037294.2	XP_024466901.1	16611764	NC_037302.2	XP_024446284.2	1292205	46.05
Block_117	NC_037294.2	XP_002315024.1	16783136	NC_037302.2	XP_002324328.1	1335139	35.37
Block_118	NC_037295.2	XP_006389578.1	587221	NC_037298.2	XP_024441317.1	1460990	45.56
Block_118	NC_037295.2	XP_002317397.1	6182166	NC_037298.2	XP_006375168.1	3234387	49.12
Block_118	NC_037295.2	XP_024436877.2	8531133	NC_037298.2	XP_006375351.1	5870811	55.74
Block_118	NC_037295.2	XP_024437369.2	11223426	NC_037298.2	XP_002320160.2	5891006	50.98
Block_118	NC_037295.2	XP_052301100.1	18333481	NC_037298.2	XP_002320852.4	6296630	40.86
Block_118	NC_037295.2	XP_006378014.1	19237430	NC_037298.2	XP_024440069.1	7538137	55.00
Block_119	NC_037295.2	XP_006389578.1	587221	NC_037301.2	XP_006373216.1	5566257	49.42
Block_119	NC_037295.2	XP_002317397.1	6182166	NC_037301.2	XP_002323839.4	8849889	55.00
Block_119	NC_037295.2	XP_024436877.2	8531133	NC_037301.2	XP_024444415.2	10127356	34.95
Block_119	NC_037295.2	XP_024437369.2	11223426	NC_037301.2	XP_006372370.1	14784916	42.17
Block_120	NC_037295.2	XP_006389578.1	587221	NC_037302.2	XP_002324382.1	615270	47.30
Block_120	NC_037295.2	XP_002317397.1	6182166	NC_037302.2	XP_024446284.2	1292205	49.23
Block_120	NC_037295.2	XP_024436877.2	8531133	NC_037302.2	XP_002324328.1	1335139	49.15
Block_120	NC_037295.2	XP_024437369.2	11223426	NC_037302.2	XP_006371762.1	1349083	60.00
Block_120	NC_037295.2	XP_052301100.1	18333481	NC_037302.2	XP_024446053.1	12567397	46.05
Block_120	NC_037295.2	XP_006378014.1	19237430	NC_037302.2	XP_002325248.3	14435429	50.00
Block_121	NC_037295.2	XP_006389578.1	587221	NC_037297.2	XP_002319082.4	2936940	64.15
Block_121	NC_037295.2	XP_002317397.1	6182166	NC_037297.2	XP_024438829.2	7868485	39.81
Block_121	NC_037295.2	XP_024436877.2	8531133	NC_037297.2	XP_002319879.4	9153347	37.76
Block_121	NC_037295.2	XP_024437369.2	11223426	NC_037297.2	XP_024439297.1	9163560	42.86
Block_121	NC_037295.2	XP_052301100.1	18333481	NC_037297.2	XP_002319959.2	14908280	49.21
Block_122	NC_037295.2	XP_006389578.1	587221	NC_037296.2	XP_002318373.2	911247	36.98
Block_122	NC_037295.2	XP_002317397.1	6182166	NC_037296.2	XP_002318747.1	12395944	50.00
Block_123	NC_037295.2	XP_006389578.1	587221	NC_037299.2	XP_052303325.1	8984460	37.42
Block_123	NC_037295.2	XP_002317397.1	6182166	NC_037299.2	XP_002322274.1	11932322	53.45
Block_124	NC_037295.2	XP_006389578.1	587221	NC_037303.2	XP_052305286.1	9848168	50.82
Block_124	NC_037295.2	XP_002317397.1	6182166	NC_037303.2	XP_002326093.4	14801942	51.67
Block_125	NC_037295.2	XP_006389578.1	587221	NC_037300.2	XP_024443283.1	6485177	50.00
Block_125	NC_037295.2	XP_002317397.1	6182166	NC_037300.2	XP_002323509.1	10100937	39.39
Block_125	NC_037295.2	XP_024436877.2	8531133	NC_037300.2	XP_002323637.2	13149873	59.04
Block_125	NC_037295.2	XP_024437369.2	11223426	NC_037300.2	XP_002323675.2	14139186	30.30
Block_126	NC_037296.2	XP_002318373.2	911247	NC_037298.2	XP_024441317.1	1460990	40.38
Block_126	NC_037296.2	XP_002318747.1	12395944	NC_037298.2	XP_006375168.1	3234387	57.00
Block_127	NC_037296.2	XP_002318373.2	911247	NC_037297.2	XP_002319082.4	2936940	52.63
Block_127	NC_037296.2	XP_002318747.1	12395944	NC_037297.2	XP_024438829.2	7868485	56.58
Block_128	NC_037296.2	XP_002318373.2	911247	NC_037300.2	XP_024443283.1	6485177	46.58
Block_128	NC_037296.2	XP_002318747.1	12395944	NC_037300.2	XP_002323509.1	10100937	62.71
Block_129	NC_037296.2	XP_002318373.2	911247	NC_037303.2	XP_052305286.1	9848168	65.62
Block_129	NC_037296.2	XP_002318747.1	12395944	NC_037303.2	XP_002326093.4	14801942	51.14
Block_130	NC_037296.2	XP_002318373.2	911247	NC_037301.2	XP_006373216.1	5566257	47.44
Block_130	NC_037296.2	XP_002318747.1	12395944	NC_037301.2	XP_002323839.4	8849889	44.44
Block_131	NC_037296.2	XP_002318373.2	911247	NC_037302.2	XP_002324382.1	615270	42.86
Block_131	NC_037296.2	XP_002318747.1	12395944	NC_037302.2	XP_024446284.2	1292205	50.88
Block_132	NC_037296.2	XP_002318373.2	911247	NC_037299.2	XP_052303325.1	8984460	45.95
Block_132	NC_037296.2	XP_002318747.1	12395944	NC_037299.2	XP_002322274.1	11932322	81.46
Block_133	NC_037297.2	XP_002319082.4	2936940	NC_037298.2	XP_024441317.1	1460990	38.44
Block_133	NC_037297.2	XP_024438829.2	7868485	NC_037298.2	XP_006375168.1	3234387	58.43
Block_133	NC_037297.2	XP_002319879.4	9153347	NC_037298.2	XP_006375351.1	5870811	49.12
Block_133	NC_037297.2	XP_024439297.1	9163560	NC_037298.2	XP_002320160.2	5891006	50.85
Block_133	NC_037297.2	XP_002319959.2	14908280	NC_037298.2	XP_002320852.4	6296630	50.85
Block_134	NC_037297.2	XP_002319082.4	2936940	NC_037302.2	XP_002324382.1	615270	38.22
Block_134	NC_037297.2	XP_024438829.2	7868485	NC_037302.2	XP_024446284.2	1292205	35.05
Block_134	NC_037297.2	XP_002319879.4	9153347	NC_037302.2	XP_002324328.1	1335139	29.29
Block_134	NC_037297.2	XP_024439297.1	9163560	NC_037302.2	XP_006371762.1	1349083	46.55
Block_134	NC_037297.2	XP_002319959.2	14908280	NC_037302.2	XP_024446053.1	12567397	40.08
Block_135	NC_037297.2	XP_002319082.4	2936940	NC_037301.2	XP_006373216.1	5566257	28.57
Block_135	NC_037297.2	XP_024438829.2	7868485	NC_037301.2	XP_002323839.4	8849889	48.23
Block_135	NC_037297.2	XP_002319879.4	9153347	NC_037301.2	XP_024444415.2	10127356	29.66
Block_135	NC_037297.2	XP_024439297.1	9163560	NC_037301.2	XP_006372370.1	14784916	36.96
Block_136	NC_037297.2	XP_002319082.4	2936940	NC_037300.2	XP_024443283.1	6485177	52.11
Block_136	NC_037297.2	XP_024438829.2	7868485	NC_037300.2	XP_002323509.1	10100937	54.24
Block_136	NC_037297.2	XP_002319879.4	9153347	NC_037300.2	XP_002323675.2	14139186	40.12
Block_137	NC_037297.2	XP_002319082.4	2936940	NC_037303.2	XP_052305286.1	9848168	46.53
Block_137	NC_037297.2	XP_024438829.2	7868485	NC_037303.2	XP_002326093.4	14801942	50.50
Block_138	NC_037297.2	XP_002319082.4	2936940	NC_037299.2	XP_052303325.1	8984460	59.32
Block_138	NC_037297.2	XP_024438829.2	7868485	NC_037299.2	XP_002322274.1	11932322	59.76
Block_139	NC_037298.2	XP_024441317.1	1460990	NC_037299.2	XP_052303325.1	8984460	54.10
Block_139	NC_037298.2	XP_006375168.1	3234387	NC_037299.2	XP_002322274.1	11932322	66.22
Block_140	NC_037298.2	XP_024441317.1	1460990	NC_037301.2	XP_006373216.1	5566257	36.67
Block_140	NC_037298.2	XP_006375168.1	3234387	NC_037301.2	XP_002323839.4	8849889	45.35
Block_140	NC_037298.2	XP_006375351.1	5870811	NC_037301.2	XP_024444415.2	10127356	43.40
Block_140	NC_037298.2	XP_002320160.2	5891006	NC_037301.2	XP_006372370.1	14784916	40.00
Block_141	NC_037298.2	XP_024441317.1	1460990	NC_037303.2	XP_052305286.1	9848168	41.94
Block_141	NC_037298.2	XP_006375168.1	3234387	NC_037303.2	XP_002326093.4	14801942	56.04
Block_142	NC_037298.2	XP_024441317.1	1460990	NC_037300.2	XP_024443283.1	6485177	53.33
Block_142	NC_037298.2	XP_006375168.1	3234387	NC_037300.2	XP_002323509.1	10100937	66.10
Block_142	NC_037298.2	XP_006375351.1	5870811	NC_037300.2	XP_002323637.2	13149873	50.00
Block_142	NC_037298.2	XP_002320160.2	5891006	NC_037300.2	XP_002323675.2	14139186	39.25
Block_143	NC_037298.2	XP_024441317.1	1460990	NC_037302.2	XP_002324382.1	615270	42.02
Block_143	NC_037298.2	XP_006375168.1	3234387	NC_037302.2	XP_024446284.2	1292205	42.50
Block_143	NC_037298.2	XP_006375351.1	5870811	NC_037302.2	XP_002324328.1	1335139	43.33
Block_143	NC_037298.2	XP_002320160.2	5891006	NC_037302.2	XP_006371762.1	1349083	42.72
Block_143	NC_037298.2	XP_002320852.4	6296630	NC_037302.2	XP_024446053.1	12567397	40.00
Block_143	NC_037298.2	XP_024440069.1	7538137	NC_037302.2	XP_002325248.3	14435429	48.23
Block_144	NC_037299.2	XP_052303325.1	8984460	NC_037301.2	XP_006373216.1	5566257	46.25
Block_144	NC_037299.2	XP_002322274.1	11932322	NC_037301.2	XP_002323839.4	8849889	47.37
Block_145	NC_037299.2	XP_052303325.1	8984460	NC_037300.2	XP_024443283.1	6485177	48.81
Block_145	NC_037299.2	XP_002322274.1	11932322	NC_037300.2	XP_002323509.1	10100937	59.32
Block_146	NC_037299.2	XP_052303325.1	8984460	NC_037303.2	XP_052305286.1	9848168	52.63
Block_146	NC_037299.2	XP_002322274.1	11932322	NC_037303.2	XP_002326093.4	14801942	50.89
Block_147	NC_037299.2	XP_052303325.1	8984460	NC_037302.2	XP_002324382.1	615270	52.63
Block_147	NC_037299.2	XP_002322274.1	11932322	NC_037302.2	XP_024446284.2	1292205	52.63
Block_148	NC_037300.2	XP_024443283.1	6485177	NC_037301.2	XP_006373216.1	5566257	45.05
Block_148	NC_037300.2	XP_002323509.1	10100937	NC_037301.2	XP_002323839.4	8849889	50.00
Block_148	NC_037300.2	XP_002323637.2	13149873	NC_037301.2	XP_024444415.2	10127356	53.76
Block_148	NC_037300.2	XP_002323675.2	14139186	NC_037301.2	XP_006372370.1	14784916	47.54
Block_149	NC_037300.2	XP_024443283.1	6485177	NC_037302.2	XP_002324382.1	615270	54.93
Block_149	NC_037300.2	XP_002323509.1	10100937	NC_037302.2	XP_024446284.2	1292205	51.61
Block_149	NC_037300.2	XP_002323637.2	13149873	NC_037302.2	XP_002324328.1	1335139	39.47
Block_149	NC_037300.2	XP_002323675.2	14139186	NC_037302.2	XP_006371762.1	1349083	39.74
Block_150	NC_037300.2	XP_024443283.1	6485177	NC_037303.2	XP_052305286.1	9848168	53.45
Block_150	NC_037300.2	XP_002323509.1	10100937	NC_037303.2	XP_002326093.4	14801942	47.83
Block_151	NC_037301.2	XP_006373216.1	5566257	NC_037302.2	XP_002324382.1	615270	42.35
Block_151	NC_037301.2	XP_002323839.4	8849889	NC_037302.2	XP_024446284.2	1292205	35.48
Block_151	NC_037301.2	XP_024444415.2	10127356	NC_037302.2	XP_002324328.1	1335139	45.95
Block_151	NC_037301.2	XP_006372370.1	14784916	NC_037302.2	XP_006371762.1	1349083	42.86
Block_152	NC_037301.2	XP_006373216.1	5566257	NC_037303.2	XP_052305286.1	9848168	52.54
Block_152	NC_037301.2	XP_002323839.4	8849889	NC_037303.2	XP_002326093.4	14801942	51.04
Block_153	NC_037302.2	XP_002324382.1	615270	NC_037303.2	XP_052305286.1	9848168	48.08
Block_153	NC_037302.2	XP_024446284.2	1292205	NC_037303.2	XP_002326093.4	14801942	32.36
