Metric	Value
Total_WRKY_transcripts	149
Distinct_WRKY_gene_loci	98
Tandem_duplication_pairs	12
Distinct_genes_in_tandem_duplications	21
Segmental_duplication_pairs	4584
Distinct_genes_in_segmental_duplications	98
Collinear_blocks	153
Collinear_block_summary:
  Chr01-Chr02: 11 pairs, range1=159,614-48,605,799, range2=2,846,278-21,787,634
  Chr01-Chr14: 10 pairs, range1=159,614-37,983,571, range2=1,460,990-11,864,534
  Chr02-Chr14: 10 pairs, range1=2,846,278-15,813,542, range2=1,460,990-11,864,534
  Chr01-Chr06: 9 pairs, range1=159,614-36,641,635, range2=5,266,321-26,029,137
  Chr02-Chr06: 9 pairs, range1=2,846,278-15,575,016, range2=5,266,321-26,029,137
  Chr06-Chr14: 9 pairs, range1=5,266,321-26,029,137, range2=1,460,990-10,916,137
  Chr01-Chr03: 6 pairs, range1=159,614-9,916,385, range2=13,432,844-21,584,780
  Chr01-Chr05: 6 pairs, range1=159,614-9,916,385, range2=3,486,578-22,204,644
  Chr01-Chr18: 6 pairs, range1=159,614-9,916,385, range2=615,270-14,435,429
  Chr02-Chr05: 6 pairs, range1=2,846,278-12,619,400, range2=3,486,578-22,204,644
  Chr02-Chr18: 6 pairs, range1=2,846,278-12,619,400, range2=615,270-14,435,429
  Chr02-Chr03: 6 pairs, range1=2,846,278-15,575,016, range2=13,432,844-21,584,780
  Chr02-Chr11: 6 pairs, range1=2,846,278-12,619,400, range2=587,221-19,237,430
  Chr03-Chr14: 6 pairs, range1=13,432,844-21,584,780, range2=1,460,990-7,968,052
  Chr03-Chr11: 6 pairs, range1=13,432,844-21,584,780, range2=587,221-19,237,430
  Chr03-Chr05: 6 pairs, range1=13,432,844-21,584,780, range2=3,486,578-22,204,644
  Chr03-Chr06: 6 pairs, range1=13,432,844-21,584,780, range2=5,266,321-22,894,958
  Chr05-Chr11: 6 pairs, range1=3,486,578-22,204,644, range2=587,221-19,237,430
  Chr05-Chr14: 6 pairs, range1=3,486,578-22,204,644, range2=1,460,990-7,538,137
  Chr05-Chr06: 6 pairs, range1=3,486,578-22,204,644, range2=5,266,321-19,088,117
  Chr05-Chr18: 6 pairs, range1=3,486,578-22,204,644, range2=615,270-14,435,429
  Chr06-Chr11: 6 pairs, range1=5,266,321-19,088,117, range2=587,221-19,237,430
  Chr06-Chr18: 6 pairs, range1=5,266,321-19,088,117, range2=615,270-14,435,429
  Chr11-Chr14: 6 pairs, range1=587,221-19,237,430, range2=1,460,990-7,538,137
  Chr11-Chr18: 6 pairs, range1=587,221-19,237,430, range2=615,270-14,435,429
  Chr14-Chr18: 6 pairs, range1=1,460,990-7,538,137, range2=615,270-14,435,429
  Chr01-Chr13: 5 pairs, range1=159,614-7,882,247, range2=2,936,940-14,908,280
  Chr01-Chr11: 5 pairs, range1=159,614-7,882,247, range2=6,182,166-19,237,430
  Chr02-Chr13: 5 pairs, range1=2,846,278-12,590,323, range2=2,936,940-14,908,280
  Chr03-Chr18: 5 pairs, range1=13,432,844-18,768,266, range2=615,270-12,567,397
  Chr03-Chr13: 5 pairs, range1=13,432,844-18,768,266, range2=2,936,940-14,908,280
  Chr05-Chr13: 5 pairs, range1=3,486,578-20,829,693, range2=2,936,940-14,908,280
  Chr11-Chr13: 5 pairs, range1=587,221-18,333,481, range2=2,936,940-14,908,280
  Chr13-Chr14: 5 pairs, range1=2,936,940-14,908,280, range2=1,460,990-6,296,630
  Chr13-Chr18: 5 pairs, range1=2,936,940-14,908,280, range2=615,270-12,567,397
  Chr01-Chr17: 4 pairs, range1=159,614-7,371,990, range2=5,566,257-14,784,916
  Chr01-Chr16: 4 pairs, range1=159,614-7,371,990, range2=6,485,177-14,139,186
  Chr02-Chr04: 4 pairs, range1=2,846,278-10,431,495, range2=463,543-11,508,039
  Chr02-Chr16: 4 pairs, range1=2,846,278-10,431,495, range2=6,485,177-14,139,186
  Chr02-Chr17: 4 pairs, range1=2,846,278-10,431,495, range2=5,566,257-14,784,916
  Chr03-Chr17: 4 pairs, range1=13,432,844-17,779,254, range2=5,566,257-14,784,916
  Chr03-Chr04: 4 pairs, range1=13,432,844-17,779,254, range2=463,543-11,508,039
  Chr03-Chr16: 4 pairs, range1=13,432,844-17,779,254, range2=6,485,177-14,139,186
  Chr04-Chr17: 4 pairs, range1=463,543-11,508,039, range2=5,566,257-14,784,916
  Chr04-Chr14: 4 pairs, range1=463,543-11,508,039, range2=1,460,990-5,891,006
  Chr04-Chr11: 4 pairs, range1=463,543-11,508,039, range2=587,221-11,223,426
  Chr04-Chr05: 4 pairs, range1=463,543-11,508,039, range2=3,486,578-11,313,285
  Chr04-Chr18: 4 pairs, range1=463,543-11,508,039, range2=615,270-1,349,083
  Chr04-Chr13: 4 pairs, range1=463,543-11,508,039, range2=2,936,940-9,163,560
  Chr04-Chr06: 4 pairs, range1=463,543-11,508,039, range2=5,266,321-8,482,325
  Chr04-Chr16: 4 pairs, range1=463,543-11,508,039, range2=6,485,177-14,139,186
  Chr05-Chr17: 4 pairs, range1=3,486,578-11,313,285, range2=5,566,257-14,784,916
  Chr05-Chr16: 4 pairs, range1=3,486,578-20,829,693, range2=6,485,177-14,139,186
  Chr06-Chr13: 4 pairs, range1=5,266,321-8,482,325, range2=2,936,940-14,908,280
  Chr06-Chr17: 4 pairs, range1=5,266,321-8,482,325, range2=5,566,257-14,784,916
  Chr06-Chr16: 4 pairs, range1=5,266,321-8,482,325, range2=6,485,177-14,139,186
  Chr11-Chr17: 4 pairs, range1=587,221-11,223,426, range2=5,566,257-14,784,916
  Chr11-Chr16: 4 pairs, range1=587,221-11,223,426, range2=6,485,177-14,139,186
  Chr13-Chr17: 4 pairs, range1=2,936,940-9,163,560, range2=5,566,257-14,784,916
  Chr14-Chr17: 4 pairs, range1=1,460,990-5,891,006, range2=5,566,257-14,784,916
  Chr14-Chr16: 4 pairs, range1=1,460,990-5,891,006, range2=6,485,177-14,139,186
  Chr16-Chr17: 4 pairs, range1=6,485,177-14,139,186, range2=5,566,257-14,784,916
  Chr16-Chr18: 4 pairs, range1=6,485,177-14,139,186, range2=615,270-1,349,083
  Chr17-Chr18: 4 pairs, range1=5,566,257-14,784,916, range2=615,270-1,349,083
  Chr01-Chr07: 3 pairs, range1=159,614-4,486,450, range2=4,339,587-10,436,238
  Chr01-Chr08: 3 pairs, range1=159,614-4,486,450, range2=5,739,919-6,517,252
  Chr01-Chr10: 3 pairs, range1=159,614-4,486,450, range2=15,857,170-16,783,136
  Chr02-Chr07: 3 pairs, range1=2,846,278-9,332,683, range2=4,339,587-10,436,238
  Chr02-Chr10: 3 pairs, range1=2,846,278-9,332,683, range2=15,857,170-16,783,136
  Chr02-Chr08: 3 pairs, range1=2,846,278-9,332,683, range2=5,739,919-6,517,252
  Chr03-Chr07: 3 pairs, range1=13,432,844-15,527,228, range2=4,339,587-10,436,238
  Chr03-Chr10: 3 pairs, range1=13,432,844-15,527,228, range2=15,857,170-16,783,136
  Chr03-Chr08: 3 pairs, range1=13,432,844-15,527,228, range2=5,739,919-6,517,252
  Chr04-Chr07: 3 pairs, range1=463,543-6,053,102, range2=4,339,587-10,436,238
  Chr04-Chr08: 3 pairs, range1=463,543-6,053,102, range2=5,739,919-6,517,252
  Chr04-Chr10: 3 pairs, range1=463,543-6,053,102, range2=15,857,170-16,783,136
  Chr05-Chr08: 3 pairs, range1=3,486,578-5,998,576, range2=5,739,919-6,517,252
  Chr05-Chr10: 3 pairs, range1=3,486,578-5,998,576, range2=15,857,170-16,783,136
  Chr05-Chr07: 3 pairs, range1=3,486,578-5,998,576, range2=4,339,587-10,436,238
  Chr06-Chr07: 3 pairs, range1=5,266,321-8,094,569, range2=4,339,587-10,436,238
  Chr06-Chr08: 3 pairs, range1=5,266,321-8,094,569, range2=5,739,919-6,517,252
  Chr06-Chr10: 3 pairs, range1=5,266,321-8,094,569, range2=15,857,170-16,783,136
  Chr07-Chr14: 3 pairs, range1=4,339,587-10,436,238, range2=1,460,990-5,870,811
  Chr07-Chr08: 3 pairs, range1=4,339,587-10,436,238, range2=5,739,919-6,517,252
  Chr07-Chr10: 3 pairs, range1=4,339,587-10,436,238, range2=15,857,170-16,783,136
  Chr07-Chr11: 3 pairs, range1=4,339,587-10,436,238, range2=587,221-8,531,133
  Chr07-Chr17: 3 pairs, range1=4,339,587-10,436,238, range2=5,566,257-10,127,356
  Chr07-Chr16: 3 pairs, range1=4,339,587-10,436,238, range2=6,485,177-13,149,873
  Chr07-Chr13: 3 pairs, range1=4,339,587-10,436,238, range2=2,936,940-14,908,280
  Chr07-Chr18: 3 pairs, range1=4,339,587-10,436,238, range2=615,270-1,335,139
  Chr08-Chr10: 3 pairs, range1=5,739,919-6,517,252, range2=15,857,170-16,783,136
  Chr08-Chr11: 3 pairs, range1=5,739,919-6,517,252, range2=587,221-8,531,133
  Chr08-Chr14: 3 pairs, range1=5,739,919-6,517,252, range2=1,460,990-5,870,811
  Chr08-Chr17: 3 pairs, range1=5,739,919-6,517,252, range2=5,566,257-10,127,356
  Chr08-Chr16: 3 pairs, range1=5,739,919-6,517,252, range2=6,485,177-13,149,873
  Chr08-Chr13: 3 pairs, range1=5,739,919-6,517,252, range2=2,936,940-9,153,347
  Chr08-Chr18: 3 pairs, range1=5,739,919-6,517,252, range2=615,270-1,335,139
  Chr10-Chr14: 3 pairs, range1=15,857,170-16,783,136, range2=1,460,990-5,870,811
  Chr10-Chr11: 3 pairs, range1=15,857,170-16,783,136, range2=587,221-8,531,133
  Chr10-Chr17: 3 pairs, range1=15,857,170-16,783,136, range2=5,566,257-10,127,356
  Chr10-Chr16: 3 pairs, range1=15,857,170-16,783,136, range2=6,485,177-13,149,873
  Chr10-Chr13: 3 pairs, range1=15,857,170-16,783,136, range2=2,936,940-9,153,347
  Chr10-Chr18: 3 pairs, range1=15,857,170-16,783,136, range2=615,270-1,335,139
  Chr13-Chr16: 3 pairs, range1=2,936,940-9,153,347, range2=6,485,177-14,139,186
  Chr01-Chr04: 2 pairs, range1=159,614-3,207,145, range2=6,053,102-11,508,039
  Chr01-Chr19: 2 pairs, range1=159,614-3,207,145, range2=9,848,168-14,801,942
  Chr01-Chr15: 2 pairs, range1=3,207,145-4,486,450, range2=8,984,460-11,932,322
  Chr01-Chr12: 2 pairs, range1=159,614-3,207,145, range2=911,247-12,395,944
  Chr02-Chr19: 2 pairs, range1=2,846,278-4,065,581, range2=9,848,168-14,801,942
  Chr02-Chr15: 2 pairs, range1=2,846,278-4,065,581, range2=8,984,460-11,932,322
  Chr02-Chr12: 2 pairs, range1=2,846,278-4,065,581, range2=911,247-12,395,944
  Chr03-Chr12: 2 pairs, range1=13,432,844-15,075,424, range2=911,247-12,395,944
  Chr03-Chr15: 2 pairs, range1=13,432,844-15,075,424, range2=8,984,460-11,932,322
  Chr03-Chr19: 2 pairs, range1=13,432,844-15,075,424, range2=9,848,168-14,801,942
  Chr04-Chr12: 2 pairs, range1=463,543-5,076,521, range2=911,247-12,395,944
  Chr04-Chr15: 2 pairs, range1=463,543-5,076,521, range2=8,984,460-11,932,322
  Chr04-Chr19: 2 pairs, range1=463,543-5,076,521, range2=9,848,168-14,801,942
  Chr05-Chr15: 2 pairs, range1=3,486,578-5,877,537, range2=8,984,460-11,932,322
  Chr05-Chr19: 2 pairs, range1=3,486,578-5,877,537, range2=9,848,168-14,801,942
  Chr05-Chr12: 2 pairs, range1=3,486,578-5,877,537, range2=911,247-12,395,944
  Chr06-Chr12: 2 pairs, range1=5,266,321-6,547,400, range2=911,247-12,395,944
  Chr06-Chr19: 2 pairs, range1=5,266,321-6,547,400, range2=9,848,168-14,801,942
  Chr06-Chr15: 2 pairs, range1=5,266,321-6,547,400, range2=8,984,460-11,932,322
  Chr07-Chr19: 2 pairs, range1=4,339,587-10,243,688, range2=9,848,168-14,801,942
  Chr07-Chr12: 2 pairs, range1=4,339,587-10,243,688, range2=911,247-12,395,944
  Chr07-Chr15: 2 pairs, range1=4,339,587-10,243,688, range2=8,984,460-11,932,322
  Chr08-Chr12: 2 pairs, range1=5,739,919-5,865,817, range2=911,247-12,395,944
  Chr08-Chr15: 2 pairs, range1=5,739,919-5,865,817, range2=8,984,460-11,932,322
  Chr08-Chr19: 2 pairs, range1=5,739,919-5,865,817, range2=9,848,168-14,801,942
  Chr10-Chr12: 2 pairs, range1=15,857,170-16,611,764, range2=911,247-12,395,944
  Chr10-Chr15: 2 pairs, range1=15,857,170-16,611,764, range2=8,984,460-11,932,322
  Chr10-Chr19: 2 pairs, range1=15,857,170-16,611,764, range2=9,848,168-14,801,942
  Chr11-Chr12: 2 pairs, range1=587,221-6,182,166, range2=911,247-12,395,944
  Chr11-Chr15: 2 pairs, range1=587,221-6,182,166, range2=8,984,460-11,932,322
  Chr11-Chr19: 2 pairs, range1=587,221-6,182,166, range2=9,848,168-14,801,942
  Chr12-Chr14: 2 pairs, range1=911,247-12,395,944, range2=1,460,990-3,234,387
  Chr12-Chr13: 2 pairs, range1=911,247-12,395,944, range2=2,936,940-7,868,485
  Chr12-Chr16: 2 pairs, range1=911,247-12,395,944, range2=6,485,177-10,100,937
  Chr12-Chr19: 2 pairs, range1=911,247-12,395,944, range2=9,848,168-14,801,942
  Chr12-Chr17: 2 pairs, range1=911,247-12,395,944, range2=5,566,257-8,849,889
  Chr12-Chr18: 2 pairs, range1=911,247-12,395,944, range2=615,270-1,292,205
  Chr12-Chr15: 2 pairs, range1=911,247-12,395,944, range2=8,984,460-11,932,322
  Chr13-Chr19: 2 pairs, range1=2,936,940-7,868,485, range2=9,848,168-14,801,942
  Chr13-Chr15: 2 pairs, range1=2,936,940-7,868,485, range2=8,984,460-11,932,322
  Chr14-Chr15: 2 pairs, range1=1,460,990-3,234,387, range2=8,984,460-11,932,322
  Chr14-Chr19: 2 pairs, range1=1,460,990-3,234,387, range2=9,848,168-14,801,942
  Chr15-Chr17: 2 pairs, range1=8,984,460-11,932,322, range2=5,566,257-8,849,889
  Chr15-Chr16: 2 pairs, range1=8,984,460-11,932,322, range2=6,485,177-10,100,937
  Chr15-Chr19: 2 pairs, range1=8,984,460-11,932,322, range2=9,848,168-14,801,942
  Chr15-Chr18: 2 pairs, range1=8,984,460-11,932,322, range2=615,270-1,292,205
  Chr16-Chr19: 2 pairs, range1=6,485,177-10,100,937, range2=9,848,168-14,801,942
  Chr17-Chr19: 2 pairs, range1=5,566,257-8,849,889, range2=9,848,168-14,801,942
  Chr18-Chr19: 2 pairs, range1=615,270-1,292,205, range2=9,848,168-14,801,942

Locus_chromosome_distribution:
Chr01	12
Chr02	11
Chr03	6
Chr04	4
Chr05	6
Chr06	9
Chr07	3
Chr08	3
Chr10	3
Chr11	6
Chr12	2
Chr13	5
Chr14	10
Chr15	2
Chr16	4
Chr17	4
Chr18	6
Chr19	2
