Gene1	Gene2	Chromosome	Distance_bp	Identity_Pct	Evalue	Ka	Ks	Ka/Ks
XP_006386616.2	XP_002301377.2	NC_037286.2	29077	39.74	2.95e-15	NA	NA	NA
XP_024456867.1	XP_052308647.1	NC_037289.2	121039	46.96	2.16e-29	NA	NA	NA
XP_002308704.1	XP_006382109.3	NC_037290.2	43055	43.10	4.94e-14	NA	NA	NA
XP_002310044.1	XP_024461002.1	NC_037291.2	192550	45.83	2.05e-30	NA	NA	NA
XP_002312267.1	XP_002311329.2	NC_037292.2	125898	40.26	3.87e-28	NA	NA	NA
XP_024466901.1	XP_002315024.1	NC_037294.2	171372	45.93	7.10e-31	NA	NA	NA
XP_002319879.4	XP_024439297.1	NC_037297.2	10213	41.51	1.01e-18	NA	NA	NA
XP_006375351.1	XP_002320160.2	NC_037298.2	20195	31.58	3.92e-16	NA	NA	NA
XP_002320967.3	XP_052303237.1	NC_037298.2	81774	53.23	1.67e-19	NA	NA	NA
XP_002324328.1	XP_006371762.1	NC_037302.2	13944	45.25	1.38e-46	NA	NA	NA
XP_024446284.2	XP_002324328.1	NC_037302.2	42934	41.67	2.59e-15	NA	NA	NA
XP_024446284.2	XP_006371762.1	NC_037302.2	56878	50.88	1.95e-15	NA	NA	NA
