Protein_ID	Chromosome	Gene_Start	Gene_End	Strand	Gene_ID	Midpoint
XP_002297623.3	NC_037285.2	9915149	9917621	+	LOC7483236	9916385
XP_002297983.2	NC_037285.2	7370335	7373646	+	LOC7472714	7371990
XP_002298853.1	NC_037285.2	37980402	37986740	+	LOC7485085	37983571
XP_002300120.2	NC_037285.2	33711789	33714093	+	LOC7456246	33712941
XP_002300596.2	NC_037285.2	49576411	49581844	-	LOC7471719	49579127
XP_002301166.2	NC_037286.2	9331717	9333650	+	LOC7472684	9332683
XP_002301237.2	NC_037286.2	10429706	10433284	+	LOC7483802	10431495
XP_002301377.2	NC_037286.2	12618609	12620192	+	LOC7457362	12619400
XP_002301514.2	NC_037286.2	15812478	15814606	-	LOC7460462	15813542
XP_002301524.3	NC_037286.2	15573946	15576087	-	LOC7481414	15575016
XP_002302070.2	NC_037286.2	2844833	2847723	-	LOC7479993	2846278
XP_002302140.2	NC_037286.2	4064181	4066981	-	LOC7468734	4065581
XP_002302620.1	NC_037286.2	12948878	12951789	-	LOC7457389	12950333
XP_002302808.1	NC_037286.2	14859079	14862629	+	LOC7481448	14860854
XP_002303610.1	NC_037287.2	15074584	15076264	+	LOC7497806	15075424
XP_002303852.3	NC_037287.2	18767092	18769440	+	LOC7493230	18768266
XP_002304549.1	NC_037287.2	15526243	15528214	-	LOC7497840	15527228
XP_002304741.2	NC_037287.2	17778092	17780417	+	LOC7493246	17779254
XP_002305271.3	NC_037288.2	6052119	6054086	-	LOC7468350	6053102
XP_002305730.1	NC_037288.2	5075425	5077618	+	LOC7476323	5076521
XP_002306743.1	NC_037289.2	20828136	20831250	+	LOC7464645	20829693
XP_002306823.1	NC_037289.2	22203265	22206024	+	LOC7476889	22204644
XP_002308538.1	NC_037290.2	22894162	22895754	+	LOC7462238	22894958
XP_002308704.1	NC_037290.2	25985010	25987154	+	LOC7489150	25986082
XP_002308998.1	NC_037290.2	5265502	5267141	-	LOC7485489	5266321
XP_002309066.3	NC_037290.2	6546327	6548473	-	LOC7454934	6547400
XP_002309186.4	NC_037290.2	8481288	8483362	-	LOC7484630	8482325
XP_002310044.1	NC_037291.2	10241784	10245592	-	LOC7456278	10243688
XP_002310122.1	NC_037291.2	4338598	4340576	-	LOC7462595	4339587
XP_002311329.2	NC_037292.2	5863175	5868460	+	LOC7460721	5865817
XP_002312267.1	NC_037292.2	5738086	5741752	-	LOC7460715	5739919
XP_002312318.2	NC_037292.2	6516285	6518220	-	LOC7485889	6517252
XP_002314962.2	NC_037294.2	15856218	15858122	+	LOC7485838	15857170
XP_002315024.1	NC_037294.2	16781449	16784823	+	LOC7481552	16783136
XP_002317397.1	NC_037295.2	6181046	6183286	+	LOC7463819	6182166
XP_002318373.2	NC_037296.2	909899	912596	-	LOC7485216	911247
XP_002318747.1	NC_037296.2	12395165	12396723	-	LOC7484855	12395944
XP_002319082.4	NC_037297.2	2935772	2938108	+	LOC7487679	2936940
XP_002319879.4	NC_037297.2	9151482	9155212	+	LOC7497365	9153347
XP_002319959.2	NC_037297.2	14906847	14909714	-	LOC7464719	14908280
XP_002320160.2	NC_037298.2	5889780	5892233	+	LOC7492733	5891006
XP_002320852.4	NC_037298.2	6295308	6297953	-	LOC7492767	6296630
XP_002320967.3	NC_037298.2	7966947	7969158	-	LOC7495207	7968052
XP_002321134.3	NC_037298.2	10914755	10917520	-	LOC7462063	10916137
XP_002322274.1	NC_037299.2	11931523	11933122	-	LOC7463139	11932322
XP_002323509.1	NC_037300.2	10100058	10101816	-	LOC7468810	10100937
XP_002323637.2	NC_037300.2	13148566	13151181	-	LOC7460408	13149873
XP_002323675.2	NC_037300.2	14138017	14140355	-	LOC7482601	14139186
XP_002323839.4	NC_037301.2	8848441	8851337	+	LOC7482455	8849889
XP_002324328.1	NC_037302.2	1334369	1335910	-	LOC7465417	1335139
XP_002324382.1	NC_037302.2	613971	616570	-	LOC7476235	615270
XP_002325248.3	NC_037302.2	14434427	14436432	-	LOC7484051	14435429
XP_002326093.4	NC_037303.2	14800499	14803385	+	LOC7498148	14801942
XP_006368511.1	NC_037285.2	3206002	3208289	-	LOC18094260	3207145
XP_006368530.1	NC_037285.2	158259	160969	+	LOC18094278	159614
XP_006368768.2	NC_037285.2	7881408	7883087	-	LOC18094445	7882247
XP_006368868.2	NC_037285.2	4483344	4489557	-	LOC18094503	4486450
XP_006369893.1	NC_037285.2	36640656	36642614	-	LOC18095297	36641635
XP_006371762.1	NC_037302.2	1348181	1349986	-	LOC7465416	1349083
XP_006372370.1	NC_037301.2	14783989	14785844	+	LOC18106446	14784916
XP_006373216.1	NC_037301.2	5565075	5567439	-	LOC18107219	5566257
XP_006375168.1	NC_037298.2	3232311	3236464	+	LOC18105082	3234387
XP_006375351.1	NC_037298.2	5870001	5871621	+	LOC7496995	5870811
XP_006375555.1	NC_037298.2	11862712	11866356	+	LOC18105351	11864534
XP_006375556.1	NC_037298.2	11862712	11866356	+	LOC18105351	11864534
XP_006378014.1	NC_037295.2	19234624	19240236	-	LOC18103574	19237430
XP_006380693.1	NC_037291.2	4338598	4340576	-	LOC7462595	4339587
XP_006381519.2	NC_037290.2	10928230	10933032	+	LOC18100250	10930631
XP_006382109.3	NC_037290.2	26027723	26030551	+	LOC18100707	26029137
XP_006382812.1	NC_037289.2	3485274	3487883	+	LOC18098987	3486578
XP_006383530.2	NC_037289.2	11312342	11314228	-	LOC18099553	11313285
XP_006386616.2	NC_037286.2	12589482	12591165	+	LOC7457359	12590323
XP_006389578.1	NC_037295.2	585892	588551	-	LOC18111206	587221
XP_024436877.2	NC_037295.2	8530163	8532103	+	LOC18102923	8531133
XP_024437142.1	NC_037295.2	19234624	19240236	-	LOC18103574	19237430
XP_024437143.1	NC_037295.2	19234624	19240236	-	LOC18103574	19237430
XP_024437144.1	NC_037295.2	19234624	19240236	-	LOC18103574	19237430
XP_024437369.2	NC_037295.2	11219910	11226942	+	LOC7483622	11223426
XP_024437370.2	NC_037295.2	11219910	11226942	+	LOC7483622	11223426
XP_024438829.2	NC_037297.2	7866424	7870546	+	LOC7465650	7868485
XP_024439297.1	NC_037297.2	9162350	9164771	-	LOC7497364	9163560
XP_024440069.1	NC_037298.2	7536271	7540003	+	LOC7486840	7538137
XP_024440287.1	NC_037298.2	11862712	11866356	+	LOC18105351	11864534
XP_024441213.1	NC_037285.2	49576411	49581844	-	LOC7471719	49579127
XP_024441219.1	NC_037285.2	49576411	49581844	-	LOC7471719	49579127
XP_024441225.1	NC_037285.2	49576411	49581844	-	LOC7471719	49579127
XP_024441234.1	NC_037285.2	49576411	49581844	-	LOC7471719	49579127
XP_024441317.1	NC_037298.2	1460013	1461967	+	LOC18104849	1460990
XP_024441318.1	NC_037298.2	1460013	1461967	+	LOC18104849	1460990
XP_024443283.1	NC_037300.2	6482829	6487525	-	LOC7465288	6485177
XP_024443284.1	NC_037300.2	6482829	6487525	-	LOC7465288	6485177
XP_024443574.1	NC_037285.2	37980402	37986740	+	LOC7485085	37983571
XP_024444415.2	NC_037301.2	10124598	10130115	-	LOC7495997	10127356
XP_024446053.1	NC_037302.2	12563824	12570970	-	LOC7489444	12567397
XP_024446055.1	NC_037302.2	12563824	12570970	-	LOC7489444	12567397
XP_024446284.2	NC_037302.2	1290882	1293528	-	LOC7465422	1292205
XP_024446286.2	NC_037302.2	1290882	1293528	-	LOC7465422	1292205
XP_024449814.1	NC_037286.2	9331717	9333650	+	LOC7472684	9332683
XP_024450032.1	NC_037286.2	12948878	12951789	-	LOC7457389	12950333
XP_024450700.1	NC_037286.2	21786245	21789023	-	LOC7458300	21787634
XP_024450747.1	NC_037286.2	15573946	15576087	-	LOC7481414	15575016
XP_024451788.1	NC_037286.2	15812478	15814606	-	LOC7460462	15813542
XP_024452203.2	NC_037287.2	21583555	21586005	-	LOC7461343	21584780
XP_024452204.2	NC_037287.2	21583555	21586005	-	LOC7461343	21584780
XP_024452726.1	NC_037287.2	13431484	13434204	-	LOC7465520	13432844
XP_024454278.1	NC_037288.2	11505475	11510604	-	LOC7463030	11508039
XP_024454633.1	NC_037288.2	5075425	5077618	+	LOC7476323	5076521
XP_024455846.2	NC_037288.2	462218	464868	+	LOC7479058	463543
XP_024456279.2	NC_037289.2	11312342	11314228	-	LOC18099553	11313285
XP_024456867.1	NC_037289.2	5876185	5878890	-	LOC7486341	5877537
XP_024457974.1	NC_037289.2	22203265	22206024	+	LOC7476889	22204644
XP_024458563.1	NC_037285.2	48603859	48607740	+	LOC7490757	48605799
XP_024458700.1	NC_037290.2	8093166	8095972	-	LOC18100011	8094569
XP_024459343.1	NC_037290.2	22894162	22895754	+	LOC7462238	22894958
XP_024459754.2	NC_037290.2	10928230	10933032	+	LOC18100250	10930631
XP_024459758.2	NC_037290.2	10928230	10933032	+	LOC18100250	10930631
XP_024460429.2	NC_037290.2	19085422	19090812	-	LOC18100572	19088117
XP_024460430.2	NC_037290.2	19085422	19090812	-	LOC18100572	19088117
XP_024461002.1	NC_037291.2	10434841	10437635	+	LOC7457138	10436238
XP_024461923.1	NC_037292.2	5863175	5868460	+	LOC7460721	5865817
XP_024461924.1	NC_037292.2	5863175	5868460	+	LOC7460721	5865817
XP_024462269.1	NC_037292.2	6516285	6518220	-	LOC7485889	6517252
XP_024465049.1	NC_037285.2	9915149	9917621	+	LOC7483236	9916385
XP_024466667.1	NC_037285.2	21314217	21316850	-	LOC7486692	21315533
XP_024466901.1	NC_037294.2	16606963	16616566	-	LOC7492890	16611764
XP_024467299.2	NC_037295.2	585892	588551	-	LOC18111206	587221
XP_024467300.2	NC_037295.2	585892	588551	-	LOC18111206	587221
XP_024467301.1	NC_037295.2	585892	588551	-	LOC18111206	587221
XP_052301100.1	NC_037295.2	18331567	18335395	+	LOC7489108	18333481
XP_052301461.1	NC_037295.2	11219910	11226942	+	LOC7483622	11223426
XP_052301776.1	NC_037296.2	12395165	12396723	-	LOC7484855	12395944
XP_052302236.1	NC_037297.2	9151482	9155212	+	LOC7497365	9153347
XP_052303237.1	NC_037298.2	8048735	8050918	-	LOC7455426	8049826
XP_052303238.1	NC_037298.2	8048735	8050918	-	LOC7455426	8049826
XP_052303325.1	NC_037299.2	8981988	8986932	-	LOC18105808	8984460
XP_052305286.1	NC_037303.2	9846854	9849482	+	LOC7455239	9848168
XP_052306840.1	NC_037286.2	15812478	15814606	-	LOC7460462	15813542
XP_052306841.1	NC_037286.2	15812478	15814606	-	LOC7460462	15813542
XP_052306843.1	NC_037286.2	15812478	15814606	-	LOC7460462	15813542
XP_052308647.1	NC_037289.2	5995947	6001206	+	LOC7477140	5998576
XP_052308648.1	NC_037289.2	5995947	6001206	+	LOC7477140	5998576
XP_052309519.1	NC_037290.2	10928230	10933032	+	LOC18100250	10930631
XP_052309520.1	NC_037290.2	10928230	10933032	+	LOC18100250	10930631
XP_052309521.1	NC_037290.2	10928230	10933032	+	LOC18100250	10930631
XP_052309522.1	NC_037290.2	10928230	10933032	+	LOC18100250	10930631
XP_052310948.1	NC_037285.2	49576411	49581844	-	LOC7471719	49579127
XP_052311159.1	NC_037292.2	5863175	5868460	+	LOC7460721	5865817
XP_052311160.1	NC_037292.2	5863175	5868460	+	LOC7460721	5865817
XP_052312759.1	NC_037294.2	16606963	16616566	-	LOC7492890	16611764
