Gene_ID	Amino_Acids	Molecular_Weight_kDa	Theoretical_pI	GRAVY
XP_002297623.3	314	35.19	9.45	-0.7099
XP_002297983.2	338	37.97	5.79	-0.8367
XP_002298853.1	557	60.42	6.53	-0.7648
XP_002300120.2	186	21.23	9.44	-0.9043
XP_002300596.2	731	78.74	6.16	-0.7248
XP_002301166.2	358	39.61	9.51	-0.7575
XP_002301237.2	203	23.42	7.64	-1.1005
XP_002301377.2	193	21.89	9.06	-0.7575
XP_002301514.2	245	27.69	5.71	-1.0531
XP_002301524.3	317	35.40	6.67	-0.7246
XP_002302070.2	351	38.92	9.74	-0.7128
XP_002302140.2	325	36.60	7.65	-0.9982
XP_002302620.1	363	40.94	5.82	-0.8424
XP_002302808.1	506	54.49	7.56	-0.4931
XP_002303610.1	330	37.03	5.49	-0.6109
XP_002303852.3	319	35.67	8.49	-0.8082
XP_002304549.1	342	38.39	5.25	-0.7810
XP_002304741.2	157	17.99	9.58	-0.8790
XP_002305271.3	432	47.09	5.08	-0.8958
XP_002305730.1	262	29.29	5.56	-0.9378
XP_002306743.1	322	36.31	7.19	-0.9935
XP_002306823.1	347	38.56	9.64	-0.7035
XP_002308538.1	165	18.80	5.48	-0.9770
XP_002308704.1	320	35.42	8.27	-0.6631
XP_002308998.1	301	32.90	9.86	-0.6548
XP_002309066.3	304	34.03	5.52	-0.8688
XP_002309186.4	333	37.71	6.04	-0.8700
XP_002310044.1	233	26.38	9.32	-0.6532
XP_002310122.1	335	36.80	9.65	-0.5922
XP_002311329.2	293	32.25	5.85	-0.8819
XP_002312267.1	492	54.14	8.70	-0.8835
XP_002312318.2	368	40.89	7.07	-0.7514
XP_002314962.2	374	41.38	6.20	-0.7914
XP_002315024.1	499	54.54	8.57	-0.9521
XP_002317397.1	268	30.05	5.78	-1.0470
XP_002318373.2	371	41.42	5.56	-0.7426
XP_002318747.1	186	21.49	8.90	-1.0586
XP_002319082.4	354	40.09	9.79	-0.7189
XP_002319879.4	324	36.72	5.39	-0.7142
XP_002319959.2	591	64.94	7.20	-0.9824
XP_002320160.2	189	21.46	9.22	-0.7889
XP_002320852.4	365	41.21	5.10	-0.7814
XP_002320967.3	319	35.89	7.06	-0.7793
XP_002321134.3	624	67.47	5.83	-0.6804
XP_002322274.1	178	20.39	9.42	-0.9708
XP_002323509.1	309	34.69	5.81	-0.8754
XP_002323637.2	579	63.97	6.20	-0.8883
XP_002323675.2	321	36.04	5.83	-0.7611
XP_002323839.4	538	58.37	6.26	-0.7188
XP_002324328.1	271	30.48	7.59	-0.6664
XP_002324382.1	338	36.82	9.45	-0.5929
XP_002325248.3	300	33.02	9.81	-0.6240
XP_002326093.4	603	66.36	6.69	-0.9337
XP_006368511.1	318	35.13	8.85	-0.8336
XP_006368530.1	135	15.54	7.81	-1.3400
XP_006368768.2	325	36.71	5.69	-0.7778
XP_006368868.2	160	18.34	9.58	-0.8969
XP_006369893.1	312	34.89	6.31	-0.9792
XP_006371762.1	320	35.57	9.03	-0.6825
XP_006372370.1	412	45.62	5.65	-1.0153
XP_006373216.1	186	21.25	9.61	-0.8962
XP_006375168.1	228	26.41	6.26	-1.1101
XP_006375351.1	349	38.37	6.16	-0.8628
XP_006375555.1	485	53.40	5.98	-1.0142
XP_006375556.1	485	53.40	5.98	-1.0142
XP_006378014.1	725	78.45	5.83	-0.7680
XP_006380693.1	334	36.72	9.65	-0.5916
XP_006381519.2	475	51.97	9.12	-0.9040
XP_006382109.3	477	52.49	8.65	-0.7711
XP_006382812.1	353	39.70	9.69	-0.6720
XP_006383530.2	331	36.66	9.38	-0.6704
XP_006386616.2	354	38.85	6.15	-0.7751
XP_006389578.1	590	64.18	6.61	-0.7473
XP_024436877.2	306	34.03	8.16	-0.8556
XP_024437142.1	725	78.45	5.83	-0.7680
XP_024437143.1	725	78.45	5.83	-0.7680
XP_024437144.1	708	76.57	5.92	-0.7791
XP_024437369.2	560	60.80	6.97	-0.7334
XP_024437370.2	507	55.04	6.94	-0.7389
XP_024438829.2	716	78.37	6.62	-0.6451
XP_024439297.1	364	40.55	6.09	-0.6860
XP_024440069.1	502	54.06	6.90	-0.5548
XP_024440287.1	485	53.40	5.98	-1.0142
XP_024441213.1	739	79.60	6.16	-0.7072
XP_024441219.1	739	79.60	6.16	-0.7072
XP_024441225.1	739	79.60	6.16	-0.7072
XP_024441234.1	732	78.91	6.23	-0.7214
XP_024441317.1	361	39.87	9.36	-0.6898
XP_024441318.1	360	39.78	9.36	-0.6894
XP_024443283.1	469	51.53	9.34	-0.9045
XP_024443284.1	469	51.53	9.34	-0.9045
XP_024443574.1	556	60.36	6.53	-0.7655
XP_024444415.2	532	58.25	7.75	-0.8111
XP_024446053.1	527	57.90	5.69	-0.8641
XP_024446055.1	523	57.48	5.82	-0.8681
XP_024446284.2	511	56.54	9.13	-0.6973
XP_024446286.2	422	46.29	9.26	-0.7701
XP_024449814.1	357	39.53	9.51	-0.7574
XP_024450032.1	320	36.12	5.43	-0.7969
XP_024450700.1	617	66.85	6.33	-0.7194
XP_024450747.1	261	29.16	9.18	-0.8713
XP_024451788.1	245	27.69	5.71	-1.0531
XP_024452203.2	137	15.76	9.06	-0.9569
XP_024452204.2	127	14.45	8.53	-1.1520
XP_024452726.1	304	34.41	9.47	-0.7697
XP_024454278.1	543	59.49	7.27	-0.7921
XP_024454633.1	223	25.04	6.08	-0.8072
XP_024455846.2	602	65.08	6.29	-0.6238
XP_024456279.2	332	36.75	9.38	-0.6708
XP_024456867.1	206	22.87	6.06	-0.8296
XP_024457974.1	347	38.56	9.64	-0.7035
XP_024458563.1	448	48.45	5.63	-0.7096
XP_024458700.1	546	60.33	8.90	-0.8756
XP_024459343.1	143	15.84	5.30	-0.6615
XP_024459754.2	475	51.97	9.12	-0.9040
XP_024459758.2	475	51.97	9.12	-0.9040
XP_024460429.2	522	56.83	6.32	-0.7879
XP_024460430.2	518	56.42	6.57	-0.7913
XP_024461002.1	192	21.89	7.63	-1.0234
XP_024461923.1	293	32.25	5.85	-0.8819
XP_024461924.1	293	32.25	5.85	-0.8819
XP_024462269.1	318	35.27	7.01	-0.7135
XP_024465049.1	313	35.03	9.39	-0.6978
XP_024466667.1	523	57.03	6.09	-0.8765
XP_024466901.1	293	32.60	6.40	-0.9154
XP_024467299.2	593	64.57	6.61	-0.7506
XP_024467300.2	592	64.45	6.48	-0.7453
XP_024467301.1	589	64.06	6.48	-0.7419
XP_052301100.1	461	49.73	5.71	-0.6577
XP_052301461.1	541	59.25	7.95	-0.6133
XP_052301776.1	185	21.34	8.68	-1.0400
XP_052302236.1	324	36.72	5.39	-0.7142
XP_052303237.1	262	29.90	5.26	-0.9607
XP_052303238.1	235	26.84	5.07	-0.8898
XP_052303325.1	636	68.31	6.49	-0.6942
XP_052305286.1	381	41.28	6.10	-0.6000
XP_052306840.1	245	27.92	5.96	-0.9747
XP_052306841.1	245	27.92	5.96	-0.9747
XP_052306843.1	209	23.82	4.98	-0.7211
XP_052308647.1	232	26.31	9.08	-0.7017
XP_052308648.1	232	26.31	9.08	-0.7017
XP_052309519.1	475	51.97	9.12	-0.9040
XP_052309520.1	475	51.97	9.12	-0.9040
XP_052309521.1	475	51.97	9.12	-0.9040
XP_052309522.1	475	51.97	9.12	-0.9040
XP_052310948.1	731	78.74	6.16	-0.7248
XP_052311159.1	293	32.25	5.85	-0.8819
XP_052311160.1	293	32.25	5.85	-0.8819
XP_052312759.1	293	32.60	6.40	-0.9154
